customer_id,age,gender,education,marital_status,income,fashion_category,style_segment,purchase_frequency,avg_order_value,total_spend,last_purchase_date,website_visits,campaign_id,campaign_type,channel,campaign_cost,campaign_response,conversion_status,recency,frequency,monetary,rfm_score,customer_segment,engagement_score,product_category,season,budget,impressions,composite_score
CUST_0001,21,Female,High School,Single,29607,Accessories,Essentials Buyer,5,200.0,1000.0,2024-12-22,17,FCMP021,Lookbook,Influencer Marketing,8500,0,0,9,5,1000.0,3.0,Low,25.67,Western Wear,Summer,35206,408215,0.2796826413040631
CUST_0002,32,Male,Graduate,Single,41534,Footwear,Seasonal Shopper,3,200.0,600.0,2024-11-29,11,FCMP048,Lookbook,Facebook Ads,8500,1,0,32,3,600.0,2.33,Low,45.58,Footwear,Summer,46976,114179,0.0205704556299331
CUST_0003,26,Male,Post Graduate,Married,61587,Western Wear,Seasonal Shopper,1,573.36,573.36,2024-11-13,4,FCMP017,Flash Sale,Google Ads,5200,1,1,48,1,573.36,2.0,Low,35.95,Western Wear,Wedding Season,7811,86690,0.3603955804460079
CUST_0004,18,Female,Post Graduate,Married,52786,Accessories,Trendsetter,1,419.83,419.83,2024-12-17,1,FCMP009,Lookbook,Email,8500,1,0,14,1,419.83,2.33,Low,33.33,Footwear,Summer,32848,212506,0.5342013999162889
CUST_0005,23,Female,High School,Single,22718,Accessories,Essentials Buyer,1,575.97,575.97,2024-10-26,6,FCMP019,Lookbook,Instagram,8500,0,0,66,1,575.97,1.67,Low,8.45,Ethnic Wear,Summer,11546,26295,0.1984464395324873
CUST_0006,30,Female,High School,Single,33870,Ethnic Wear,Seasonal Shopper,6,699.71,4198.26,2024-12-03,19,FCMP039,Lookbook,Instagram,8500,0,0,28,6,4198.26,3.33,Low,26.37,Western Wear,Summer,52025,198047,0.3942847492055126
CUST_0007,24,Female,High School,Married,23746,Winter Wear,Trendsetter,1,405.26,405.26,2024-12-15,1,FCMP046,Flash Sale,Instagram,5200,1,0,16,1,405.26,2.33,Low,33.1,Accessories,Festive,36065,332252,0.3901301913549269
CUST_0008,46,Female,Post Graduate,Married,74637,Accessories,Essentials Buyer,9,325.48,2929.32,2024-09-22,29,FCMP005,New Arrivals,Facebook Ads,6800,1,1,100,9,2929.32,2.67,Low,68.96,Ethnic Wear,Festive,49542,395037,0.4103699687504942
CUST_0009,29,Female,Graduate,Single,48733,Winter Wear,Luxury Seeker,1,200.0,200.0,2024-12-20,4,FCMP008,New Arrivals,Email,6800,1,1,11,1,200.0,2.33,Low,37.83,Accessories,Regular,30184,311999,0.4402188990449158
CUST_0010,34,Male,Graduate,Single,33186,Accessories,Luxury Seeker,2,200.0,400.0,2024-12-16,5,FCMP023,Lookbook,Google Ads,8500,1,0,15,2,400.0,2.67,Low,38.54,Winter Wear,Winter,16411,294327,0.329960533603584
CUST_0011,31,Female,Graduate,Married,43044,Footwear,Seasonal Shopper,17,771.79,13120.43,2024-10-28,46,FCMP025,New Arrivals,Instagram,6800,1,0,64,17,13120.43,3.67,Mid,91.79,Ethnic Wear,Wedding Season,6734,163946,0.4475215460051547
CUST_0012,31,Female,Post Graduate,Married,67538,Western Wear,Seasonal Shopper,1,769.27,769.27,2024-11-11,1,FCMP005,New Arrivals,Facebook Ads,6800,0,0,50,1,769.27,2.0,Low,1.92,Ethnic Wear,Festive,49542,395037,0.4103699687504942
CUST_0013,35,Female,Post Graduate,Married,36104,Winter Wear,Trendsetter,11,420.52,4625.72,2024-11-13,35,FCMP048,Flash Sale,Facebook Ads,5200,0,0,48,11,4625.72,3.33,Low,47.28,Footwear,Summer,46976,114179,0.0205704556299331
CUST_0014,41,Male,High School,Single,28768,Winter Wear,Essentials Buyer,10,307.33,3073.3,2024-11-15,31,FCMP025,New Arrivals,Instagram,6800,0,0,46,10,3073.3,3.33,Low,41.97,Ethnic Wear,Wedding Season,6734,163946,0.4475215460051547
CUST_0015,18,Female,PhD,Divorced,99248,Ethnic Wear,Trendsetter,4,1968.01,7872.04,2024-12-20,17,FCMP039,Lookbook,Instagram,8500,1,1,11,4,7872.04,3.33,Low,55.17,Western Wear,Summer,52025,198047,0.3942847492055126
CUST_0016,44,Male,Post Graduate,Single,56405,Ethnic Wear,Seasonal Shopper,5,825.02,4125.1,2024-07-11,9,FCMP034,New Arrivals,Instagram,6800,0,0,173,5,4125.1,1.67,Low,12.17,Winter Wear,Winter,42504,320504,0.6507146195191259
CUST_0017,56,Female,Graduate,Single,45759,Western Wear,Seasonal Shopper,4,489.56,1958.24,2024-12-17,12,FCMP021,Flash Sale,Influencer Marketing,5200,1,1,14,4,1958.24,3.0,Low,48.0,Western Wear,Summer,35206,408215,0.2796826413040631
CUST_0018,36,Female,PhD,Divorced,80925,Accessories,Seasonal Shopper,8,503.57,4028.56,2024-11-25,21,FCMP035,New Arrivals,Email,6800,0,0,36,8,4028.56,3.33,Low,28.81,Footwear,Winter,6802,233090,0.4209594906234262
CUST_0019,37,Male,Graduate,Single,36250,Winter Wear,Luxury Seeker,6,1216.22,7297.32,2024-12-11,22,FCMP028,Lookbook,Influencer Marketing,8500,1,1,20,6,7297.32,3.67,Low,60.76,Accessories,Summer,24360,287683,0.595027924205977
CUST_0020,25,Male,High School,Married,28984,Ethnic Wear,Essentials Buyer,5,301.6,1508.0,2024-12-13,15,FCMP021,Flash Sale,Influencer Marketing,5200,1,0,18,5,1508.0,3.0,Low,51.58,Western Wear,Summer,35206,408215,0.2796826413040631
CUST_0021,52,Male,Graduate,Married,29875,Footwear,Seasonal Shopper,1,464.42,464.42,2024-12-14,1,FCMP012,Lookbook,Email,8500,1,0,17,1,464.42,2.33,Low,33.0,Footwear,Summer,49357,289544,0.6105954724263182
CUST_0022,28,Female,Graduate,Married,48547,Western Wear,Trendsetter,14,234.17,3278.38,2024-10-31,34,FCMP024,Flash Sale,Instagram,5200,1,0,61,14,3278.38,3.0,Low,75.82,Footwear,Wedding Season,7911,442515,0.7300195297855031
CUST_0023,25,Female,High School,Single,36372,Winter Wear,Trendsetter,1,675.83,675.83,2024-11-13,11,FCMP045,Lookbook,Influencer Marketing,8500,0,0,48,1,675.83,2.0,Low,15.28,Accessories,Wedding Season,51843,474351,0.2268313698632377
CUST_0024,43,Male,High School,Single,24433,Accessories,Trendsetter,2,200.0,400.0,2024-12-03,10,FCMP028,Lookbook,Influencer Marketing,8500,1,0,28,2,400.0,2.67,Low,44.37,Accessories,Summer,24360,287683,0.595027924205977
CUST_0025,30,Female,Graduate,Married,41228,Accessories,Seasonal Shopper,5,672.37,3361.85,2024-08-24,15,FCMP003,New Arrivals,Email,6800,0,0,129,5,3361.85,1.67,Low,20.23,Accessories,Summer,28509,182688,0.5087543712573461
CUST_0026,34,Female,Post Graduate,Married,61829,Western Wear,Luxury Seeker,10,1447.9,14479.0,2024-12-28,27,FCMP032,Lookbook,Google Ads,8500,1,1,3,10,14479.0,4.33,Mid,73.5,Winter Wear,Festive,40153,408207,0.5502117726264755
CUST_0027,26,Female,Post Graduate,Married,60840,Western Wear,Trendsetter,3,969.4,2908.2,2024-12-07,10,FCMP025,New Arrivals,Instagram,6800,0,0,24,3,2908.2,2.67,Low,14.53,Ethnic Wear,Wedding Season,6734,163946,0.4475215460051547
CUST_0028,25,Female,PhD,Divorced,99150,Western Wear,Essentials Buyer,6,463.14,2778.84,2024-11-27,12,FCMP026,Lookbook,Email,8500,1,0,34,6,2778.84,3.0,Low,46.86,Accessories,Winter,23227,398480,0.3004566295771733
CUST_0029,29,Female,PhD,Divorced,72950,Ethnic Wear,Seasonal Shopper,1,868.62,868.62,2024-11-25,1,FCMP007,Lookbook,Email,8500,0,0,36,1,868.62,2.0,Low,2.14,Footwear,Wedding Season,27671,137796,0.5487960916598252
CUST_0030,31,Female,High School,Married,23477,Winter Wear,Essentials Buyer,4,524.63,2098.52,2024-10-02,13,FCMP034,Flash Sale,Instagram,5200,1,0,90,4,2098.52,2.0,Low,47.66,Winter Wear,Winter,42504,320504,0.6507146195191259
CUST_0031,37,Male,High School,Single,32397,Accessories,Seasonal Shopper,8,222.94,1783.52,2024-09-15,25,FCMP037,Lookbook,Email,8500,0,0,107,8,1783.52,2.67,Low,33.61,Accessories,Regular,13120,263548,0.4068232667186156
CUST_0032,34,Male,Graduate,Divorced,56950,Winter Wear,Seasonal Shopper,1,342.12,342.12,2024-12-26,2,FCMP039,Lookbook,Instagram,8500,0,0,5,1,342.12,2.33,Low,7.67,Western Wear,Summer,52025,198047,0.3942847492055126
CUST_0033,27,Female,Graduate,Single,33498,Winter Wear,Trendsetter,14,612.21,8570.94,2024-12-28,42,FCMP025,New Arrivals,Instagram,6800,1,1,3,14,8570.94,4.0,Mid,93.5,Ethnic Wear,Wedding Season,6734,163946,0.4475215460051547
CUST_0034,25,Male,PhD,Married,67725,Footwear,Luxury Seeker,1,1418.49,1418.49,2024-11-18,6,FCMP038,Flash Sale,Facebook Ads,5200,1,0,43,1,1418.49,2.0,Low,38.68,Western Wear,Summer,44384,481713,0.5599023198009292
CUST_0035,25,Female,PhD,Divorced,84219,Accessories,Trendsetter,2,2004.92,4009.84,2024-12-17,1,FCMP002,Lookbook,Facebook Ads,8500,0,0,14,2,4009.84,2.67,Low,3.33,Ethnic Wear,Summer,5197,153121,0.6932533769212101
CUST_0036,38,Female,Graduate,Divorced,56960,Winter Wear,Seasonal Shopper,1,1175.01,1175.01,2024-12-02,1,FCMP018,New Arrivals,Facebook Ads,6800,1,0,29,1,1175.01,2.33,Low,32.33,Footwear,Festive,52011,24499,0.2463998366949203
CUST_0037,30,Female,Graduate,Single,55026,Accessories,Essentials Buyer,4,524.0,2096.0,2024-11-22,12,FCMP040,Lookbook,Influencer Marketing,8500,0,0,39,4,2096.0,2.67,Low,16.75,Winter Wear,Festive,52254,303501,0.4282224152130804
CUST_0038,22,Male,PhD,Married,79898,Western Wear,Luxury Seeker,6,1725.14,10350.84,2024-12-02,16,FCMP039,New Arrivals,Instagram,6800,1,0,29,6,10350.84,4.0,Mid,52.33,Western Wear,Summer,52025,198047,0.3942847492055126
CUST_0039,41,Female,Graduate,Single,46345,Western Wear,Essentials Buyer,5,200.0,1000.0,2024-12-31,13,FCMP023,Flash Sale,Google Ads,5200,0,0,0,5,1000.0,3.0,Low,47.33,Winter Wear,Winter,16411,294327,0.329960533603584
CUST_0040,34,Female,Graduate,Married,41324,Ethnic Wear,Seasonal Shopper,3,833.75,2501.25,2024-12-04,11,FCMP028,Lookbook,Influencer Marketing,8500,1,1,27,3,2501.25,2.67,Low,45.74,Accessories,Summer,24360,287683,0.595027924205977
CUST_0041,31,Female,Graduate,Married,48265,Winter Wear,Trendsetter,1,899.57,899.57,2024-12-22,1,FCMP034,Lookbook,Instagram,8500,0,0,9,1,899.57,2.33,Low,4.33,Winter Wear,Winter,42504,320504,0.6507146195191259
CUST_0042,27,Female,High School,Single,25602,Footwear,Seasonal Shopper,1,949.67,949.67,2024-12-12,12,FCMP035,Flash Sale,Email,5200,1,0,19,1,949.67,2.33,Low,47.5,Footwear,Winter,6802,233090,0.4209594906234262
CUST_0043,25,Female,Post Graduate,Divorced,67503,Western Wear,Trendsetter,9,1125.65,10130.85,2024-06-22,23,FCMP024,New Arrivals,Instagram,6800,1,1,192,9,10130.85,3.0,Mid,60.82,Footwear,Wedding Season,7911,442515,0.7300195297855031
CUST_0044,26,Female,Post Graduate,Single,39352,Accessories,Essentials Buyer,10,1514.89,15148.9,2024-12-26,34,FCMP048,Flash Sale,Facebook Ads,5200,1,1,5,10,15148.9,4.67,Mid,80.33,Footwear,Summer,46976,114179,0.0205704556299331
CUST_0045,25,Male,Graduate,Married,49667,Footwear,Seasonal Shopper,1,623.69,623.69,2024-11-10,6,FCMP044,New Arrivals,Influencer Marketing,6800,0,0,51,1,623.69,2.0,Low,8.58,Accessories,Winter,21646,277186,0.5137088684456091
CUST_0046,35,Female,Graduate,Married,58340,Western Wear,Seasonal Shopper,2,1000.54,2001.08,2024-12-12,13,FCMP029,Lookbook,Google Ads,8500,1,0,19,2,2001.08,2.67,Low,48.83,Winter Wear,Regular,23343,204423,0.352051664523207
CUST_0047,26,Male,Graduate,Divorced,34803,Ethnic Wear,Seasonal Shopper,1,200.0,200.0,2024-07-03,5,FCMP049,New Arrivals,Influencer Marketing,6800,0,0,181,1,200.0,1.0,Low,6.83,Western Wear,Regular,21371,110272,0.5575867501743133
CUST_0048,48,Female,Post Graduate,Married,64128,Accessories,Seasonal Shopper,2,427.53,855.06,2024-12-14,8,FCMP012,New Arrivals,Email,6800,1,0,17,2,855.06,2.67,Low,42.33,Footwear,Summer,49357,289544,0.6105954724263182
CUST_0049,40,Female,High School,Married,31851,Footwear,Seasonal Shopper,4,200.0,800.0,2024-11-26,3,FCMP003,Flash Sale,Email,5200,0,0,35,4,800.0,2.67,Low,4.83,Accessories,Summer,28509,182688,0.5087543712573461
CUST_0050,39,Female,Post Graduate,Married,51782,Accessories,Seasonal Shopper,2,627.14,1254.28,2024-12-23,6,FCMP042,New Arrivals,Instagram,6800,0,0,8,2,1254.28,2.67,Low,11.33,Winter Wear,Regular,25445,97505,0.5094334451140538
CUST_0051,37,Male,Post Graduate,Married,70818,Footwear,Trendsetter,7,1220.67,8544.69,2024-12-11,29,FCMP022,Lookbook,Facebook Ads,8500,1,0,20,7,8544.69,3.67,Mid,70.1,Accessories,Summer,46106,341184,0.3285125209656627
CUST_0052,36,Female,Graduate,Married,47393,Winter Wear,Trendsetter,10,1071.09,10710.9,2024-09-16,21,FCMP020,New Arrivals,Google Ads,6800,1,1,106,10,10710.9,3.33,Mid,58.28,Western Wear,Wedding Season,39754,403029,0.3750506318914162
CUST_0053,40,Female,High School,Divorced,33495,Footwear,Seasonal Shopper,9,200.0,1800.0,2024-12-15,28,FCMP038,Lookbook,Facebook Ads,8500,0,0,16,9,1800.0,3.67,Low,39.1,Western Wear,Summer,44384,481713,0.5599023198009292
CUST_0054,31,Male,Post Graduate,Single,86539,Footwear,Trendsetter,8,1242.06,9936.48,2024-10-21,20,FCMP010,Lookbook,Facebook Ads,8500,1,1,71,8,9936.48,3.33,Mid,57.08,Footwear,Festive,47107,485910,0.3909447397565234
CUST_0055,32,Female,Graduate,Married,43905,Winter Wear,Seasonal Shopper,1,542.41,542.41,2024-12-08,6,FCMP003,New Arrivals,Email,6800,1,0,23,1,542.41,2.33,Low,39.25,Accessories,Summer,28509,182688,0.5087543712573461
CUST_0056,39,Female,Graduate,Single,37414,Western Wear,Essentials Buyer,1,751.37,751.37,2024-12-10,5,FCMP038,Lookbook,Facebook Ads,8500,1,0,21,1,751.37,2.33,Low,38.03,Western Wear,Summer,44384,481713,0.5599023198009292
CUST_0057,31,Female,High School,Divorced,31936,Ethnic Wear,Trendsetter,8,200.0,1600.0,2024-12-20,19,FCMP039,New Arrivals,Instagram,6800,1,1,11,8,1600.0,3.67,Low,57.83,Western Wear,Summer,52025,198047,0.3942847492055126
CUST_0058,22,Female,Graduate,Divorced,31595,Ethnic Wear,Seasonal Shopper,3,405.77,1217.31,2024-12-30,12,FCMP046,New Arrivals,Instagram,6800,1,1,1,3,1217.31,2.67,Low,61.0,Accessories,Festive,36065,332252,0.3901301913549269
CUST_0059,39,Female,Graduate,Married,43726,Accessories,Trendsetter,1,860.29,860.29,2024-12-04,3,FCMP024,Flash Sale,Instagram,5200,0,0,27,1,860.29,2.33,Low,5.07,Footwear,Wedding Season,7911,442515,0.7300195297855031
CUST_0060,22,Male,Graduate,Married,35944,Footwear,Seasonal Shopper,3,200.0,600.0,2024-10-11,14,FCMP028,New Arrivals,Influencer Marketing,6800,1,0,81,3,600.0,2.0,Low,49.03,Accessories,Summer,24360,287683,0.595027924205977
CUST_0061,18,Female,Graduate,Married,53841,Accessories,Trendsetter,8,779.97,6239.76,2024-12-17,26,FCMP049,Flash Sale,Influencer Marketing,5200,1,0,14,8,6239.76,4.0,Low,66.67,Western Wear,Regular,21371,110272,0.5575867501743133
CUST_0062,42,Other,Graduate,Single,27387,Ethnic Wear,Seasonal Shopper,2,680.9,1361.8,2024-11-25,6,FCMP014,Flash Sale,Influencer Marketing,5200,0,0,36,2,1361.8,2.33,Low,8.81,Footwear,Summer,20708,193714,0.6382908202702389
CUST_0063,18,Female,High School,Married,23461,Ethnic Wear,Trendsetter,1,496.44,496.44,2024-12-07,1,FCMP038,Flash Sale,Facebook Ads,5200,0,0,24,1,496.44,2.33,Low,2.53,Western Wear,Summer,44384,481713,0.5599023198009292
CUST_0064,27,Female,High School,Married,33486,Ethnic Wear,Seasonal Shopper,4,200.0,800.0,2024-08-20,9,FCMP047,Flash Sale,Influencer Marketing,5200,0,0,133,4,800.0,1.67,Low,12.22,Accessories,Festive,30199,132296,0.304960150934867
CUST_0065,31,Female,High School,Married,29681,Western Wear,Seasonal Shopper,4,200.0,800.0,2024-12-25,14,FCMP049,New Arrivals,Influencer Marketing,6800,1,1,6,4,800.0,3.0,Low,52.95,Western Wear,Regular,21371,110272,0.5575867501743133
CUST_0066,41,Female,Post Graduate,Married,78471,Footwear,Seasonal Shopper,2,1649.72,3299.44,2024-10-13,8,FCMP003,New Arrivals,Email,6800,1,1,79,2,3299.44,2.0,Low,41.04,Accessories,Summer,28509,182688,0.5087543712573461
CUST_0067,40,Male,Graduate,Married,37575,Western Wear,Trendsetter,10,200.0,2000.0,2024-11-29,24,FCMP046,Flash Sale,Instagram,5200,1,0,32,10,2000.0,3.33,Low,62.91,Accessories,Festive,36065,332252,0.3901301913549269
CUST_0068,19,Male,Graduate,Single,49706,Western Wear,Essentials Buyer,2,200.0,400.0,2024-11-12,16,FCMP005,Flash Sale,Facebook Ads,5200,1,0,49,2,400.0,2.33,Low,51.93,Ethnic Wear,Festive,49542,395037,0.4103699687504942
CUST_0069,20,Male,Post Graduate,Married,66699,Winter Wear,Seasonal Shopper,2,579.48,1158.96,2024-12-28,6,FCMP039,Lookbook,Instagram,8500,1,0,3,2,1158.96,2.67,Low,45.5,Western Wear,Summer,52025,198047,0.3942847492055126
CUST_0070,24,Female,High School,Single,27618,Western Wear,Seasonal Shopper,4,200.0,800.0,2024-09-10,11,FCMP022,Lookbook,Facebook Ads,8500,0,0,112,4,800.0,2.0,Low,14.93,Accessories,Summer,46106,341184,0.3285125209656627
CUST_0071,38,Female,Post Graduate,Married,80047,Footwear,Luxury Seeker,10,2270.95,22709.5,2024-12-29,34,FCMP050,Flash Sale,Google Ads,5200,1,0,2,10,22709.5,5.0,Mid,85.33,Accessories,Wedding Season,16835,58467,0.5625346409252701
CUST_0072,34,Female,Post Graduate,Single,50062,Accessories,Essentials Buyer,1,282.05,282.05,2024-10-21,1,FCMP025,New Arrivals,Instagram,6800,0,0,71,1,282.05,1.67,Low,1.75,Ethnic Wear,Wedding Season,6734,163946,0.4475215460051547
CUST_0073,19,Female,High School,Single,30525,Western Wear,Seasonal Shopper,3,907.34,2722.02,2024-10-19,1,FCMP039,Lookbook,Instagram,8500,0,0,73,3,2722.02,2.0,Low,1.74,Western Wear,Summer,52025,198047,0.3942847492055126
CUST_0074,41,Female,Graduate,Married,43410,Footwear,Trendsetter,9,962.56,8663.04,2024-10-20,27,FCMP048,New Arrivals,Facebook Ads,6800,1,1,72,9,8663.04,3.33,Mid,66.41,Footwear,Summer,46976,114179,0.0205704556299331
CUST_0075,31,Male,Graduate,Single,40502,Winter Wear,Essentials Buyer,3,923.44,2770.32,2024-12-19,6,FCMP011,New Arrivals,Google Ads,6800,1,1,12,3,2770.32,2.67,Low,40.31,Ethnic Wear,Festive,25666,194088,0.3603659868250557
CUST_0076,38,Female,Graduate,Divorced,58073,Winter Wear,Trendsetter,2,646.52,1293.04,2024-11-22,9,FCMP011,New Arrivals,Google Ads,6800,0,0,39,2,1293.04,2.33,Low,12.75,Ethnic Wear,Festive,25666,194088,0.3603659868250557
CUST_0077,21,Female,PhD,Single,87644,Ethnic Wear,Essentials Buyer,2,579.75,1159.5,2024-12-30,3,FCMP015,Flash Sale,Google Ads,5200,0,0,1,2,1159.5,2.67,Low,19.0,Ethnic Wear,Festive,31370,35151,0.4781830871799218
CUST_0078,28,Male,Post Graduate,Married,51269,Winter Wear,Essentials Buyer,2,450.31,900.62,2024-11-21,1,FCMP024,Flash Sale,Instagram,5200,0,0,40,2,900.62,2.33,Low,2.07,Footwear,Wedding Season,7911,442515,0.7300195297855031
CUST_0079,30,Female,High School,Divorced,19120,Footwear,Essentials Buyer,5,200.0,1000.0,2024-12-08,15,FCMP045,New Arrivals,Influencer Marketing,6800,1,0,23,5,1000.0,3.0,Low,51.25,Accessories,Wedding Season,51843,474351,0.2268313698632377
CUST_0080,36,Male,High School,Divorced,28195,Western Wear,Luxury Seeker,3,1619.78,4859.34,2024-10-14,6,FCMP042,Flash Sale,Instagram,5200,0,0,78,3,4859.34,2.0,Low,8.38,Winter Wear,Regular,25445,97505,0.5094334451140538
CUST_0081,41,Female,Graduate,Single,45515,Western Wear,Seasonal Shopper,2,200.0,400.0,2024-09-26,8,FCMP002,Lookbook,Facebook Ads,8500,0,1,96,2,400.0,1.67,Low,10.98,Ethnic Wear,Summer,5197,153121,0.6932533769212101
CUST_0082,28,Female,Post Graduate,Single,55247,Winter Wear,Seasonal Shopper,6,283.83,1702.98,2024-12-28,15,FCMP012,New Arrivals,Email,6800,0,0,3,6,1702.98,3.33,Low,27.5,Footwear,Summer,49357,289544,0.6105954724263182
CUST_0083,37,Male,Post Graduate,Single,90310,Footwear,Trendsetter,3,1268.38,3805.14,2024-12-23,13,FCMP021,Lookbook,Influencer Marketing,8500,1,0,8,3,3805.14,2.67,Low,50.67,Western Wear,Summer,35206,408215,0.2796826413040631
CUST_0084,30,Female,Post Graduate,Single,60265,Western Wear,Seasonal Shopper,1,1459.02,1459.02,2024-11-21,1,FCMP042,New Arrivals,Instagram,6800,1,0,40,1,1459.02,2.0,Low,32.07,Winter Wear,Regular,25445,97505,0.5094334451140538
CUST_0085,26,Female,High School,Single,31685,Footwear,Luxury Seeker,3,200.0,600.0,2024-10-21,8,FCMP028,Lookbook,Influencer Marketing,8500,1,0,71,3,600.0,2.0,Low,41.08,Accessories,Summer,24360,287683,0.595027924205977
CUST_0086,27,Female,Post Graduate,Divorced,60850,Western Wear,Essentials Buyer,10,300.64,3006.4,2024-12-15,36,FCMP014,Flash Sale,Influencer Marketing,5200,0,0,16,10,3006.4,3.67,Low,49.76,Footwear,Summer,20708,193714,0.6382908202702389
CUST_0087,32,Male,Graduate,Divorced,43141,Ethnic Wear,Luxury Seeker,1,1068.94,1068.94,2024-10-26,4,FCMP050,Flash Sale,Google Ads,5200,0,1,66,1,1068.94,1.67,Low,5.78,Accessories,Wedding Season,16835,58467,0.5625346409252701
CUST_0088,36,Female,PhD,Single,78209,Ethnic Wear,Trendsetter,4,649.61,2598.44,2024-11-25,14,FCMP003,Lookbook,Email,8500,1,0,36,4,2598.44,2.67,Low,49.48,Accessories,Summer,28509,182688,0.5087543712573461
CUST_0089,18,Female,PhD,Single,111008,Ethnic Wear,Trendsetter,2,2720.64,5441.28,2024-12-16,4,FCMP036,Lookbook,Facebook Ads,8500,1,0,15,2,5441.28,3.0,Low,37.21,Footwear,Wedding Season,13155,153272,0.2002272403232158
CUST_0090,40,Female,High School,Single,32263,Ethnic Wear,Trendsetter,3,1104.66,3313.98,2024-11-25,12,FCMP009,Flash Sale,Email,5200,1,0,36,3,3313.98,2.33,Low,46.81,Footwear,Summer,32848,212506,0.5342013999162889
CUST_0091,29,Male,High School,Single,27565,Ethnic Wear,Luxury Seeker,1,963.13,963.13,2024-12-30,5,FCMP046,Lookbook,Instagram,8500,0,0,1,1,963.13,2.33,Low,21.67,Accessories,Festive,36065,332252,0.3901301913549269
CUST_0092,47,Female,Graduate,Single,56203,Footwear,Luxury Seeker,6,982.2,5893.2,2024-10-17,22,FCMP032,New Arrivals,Google Ads,6800,0,0,75,6,5893.2,3.0,Low,29.73,Winter Wear,Festive,40153,408207,0.5502117726264755
CUST_0093,31,Female,High School,Single,35552,Ethnic Wear,Trendsetter,1,294.04,294.04,2024-09-30,1,FCMP050,Flash Sale,Google Ads,5200,1,0,92,1,294.04,1.33,Low,31.66,Accessories,Wedding Season,16835,58467,0.5625346409252701
CUST_0094,30,Female,High School,Single,33255,Western Wear,Essentials Buyer,2,200.0,400.0,2024-11-10,8,FCMP003,Lookbook,Email,8500,0,0,51,2,400.0,2.33,Low,11.24,Accessories,Summer,28509,182688,0.5087543712573461
CUST_0095,42,Female,Graduate,Married,42774,Winter Wear,Luxury Seeker,1,1013.7,1013.7,2024-12-06,7,FCMP043,Lookbook,Google Ads,8500,1,0,25,1,1013.7,2.33,Low,40.49,Accessories,Wedding Season,35306,22869,0.2788986654987028
CUST_0096,37,Female,PhD,Single,98731,Footwear,Trendsetter,4,2090.92,8363.68,2024-12-25,15,FCMP027,Flash Sale,Email,5200,1,1,6,4,8363.68,3.33,Mid,54.29,Winter Wear,Festive,13680,52711,0.3053593615748523
CUST_0097,34,Other,Graduate,Single,42638,Footwear,Seasonal Shopper,4,1185.17,4740.68,2024-12-27,15,FCMP003,Lookbook,Email,8500,1,0,4,4,4740.68,3.0,Low,56.0,Accessories,Summer,28509,182688,0.5087543712573461
CUST_0098,20,Male,Post Graduate,Single,78581,Ethnic Wear,Trendsetter,2,1165.7,2331.4,2024-12-13,9,FCMP016,Lookbook,Influencer Marketing,8500,1,0,18,2,2331.4,2.67,Low,43.58,Winter Wear,Winter,54811,464623,0.7185211737973205
CUST_0099,37,Female,Post Graduate,Single,48713,Ethnic Wear,Seasonal Shopper,4,727.63,2910.52,2024-10-24,3,FCMP039,New Arrivals,Instagram,6800,0,0,68,4,2910.52,2.33,Low,4.43,Western Wear,Summer,52025,198047,0.3942847492055126
CUST_0100,31,Male,Graduate,Divorced,44698,Ethnic Wear,Essentials Buyer,2,398.2,796.4,2024-11-09,2,FCMP034,Lookbook,Instagram,8500,0,0,52,2,796.4,2.33,Low,3.23,Winter Wear,Winter,42504,320504,0.6507146195191259
CUST_0101,18,Male,Graduate,Single,49077,Ethnic Wear,Trendsetter,1,1208.87,1208.87,2024-12-21,1,FCMP019,New Arrivals,Instagram,6800,1,1,10,1,1208.87,2.33,Low,34.06,Ethnic Wear,Summer,11546,26295,0.1984464395324873
CUST_0102,27,Female,PhD,Single,73234,Western Wear,Essentials Buyer,12,514.93,6179.16,2024-11-18,44,FCMP037,New Arrivals,Email,6800,0,1,43,12,6179.16,3.67,Low,59.35,Accessories,Regular,13120,263548,0.4068232667186156
CUST_0103,41,Female,Graduate,Married,54614,Ethnic Wear,Essentials Buyer,4,200.0,800.0,2024-11-20,10,FCMP049,New Arrivals,Influencer Marketing,6800,0,0,41,4,800.0,2.67,Low,14.05,Western Wear,Regular,21371,110272,0.5575867501743133
CUST_0104,35,Female,Post Graduate,Divorced,81791,Ethnic Wear,Essentials Buyer,11,949.49,10444.39,2024-09-28,32,FCMP009,New Arrivals,Email,6800,1,0,94,11,10444.39,3.33,Mid,72.98,Footwear,Summer,32848,212506,0.5342013999162889
CUST_0105,30,Male,Graduate,Single,45126,Ethnic Wear,Seasonal Shopper,4,912.79,3651.16,2024-12-05,20,FCMP038,Flash Sale,Facebook Ads,5200,1,0,26,4,3651.16,3.0,Low,57.78,Western Wear,Summer,44384,481713,0.5599023198009292
CUST_0106,25,Female,Graduate,Divorced,63244,Western Wear,Seasonal Shopper,1,220.34,220.34,2024-12-09,1,FCMP046,Lookbook,Instagram,8500,1,0,22,1,220.34,2.33,Low,32.64,Accessories,Festive,36065,332252,0.3901301913549269
CUST_0107,46,Female,Post Graduate,Married,68804,Ethnic Wear,Trendsetter,1,1376.91,1376.91,2024-12-19,4,FCMP045,New Arrivals,Influencer Marketing,6800,1,1,12,1,1376.91,2.33,Low,37.64,Accessories,Wedding Season,51843,474351,0.2268313698632377
CUST_0108,27,Female,Graduate,Married,41538,Western Wear,Seasonal Shopper,7,200.0,1400.0,2024-11-19,22,FCMP043,Flash Sale,Google Ads,5200,1,0,42,7,1400.0,3.0,Low,60.03,Accessories,Wedding Season,35306,22869,0.2788986654987028
CUST_0109,22,Female,Post Graduate,Married,65739,Footwear,Seasonal Shopper,2,702.13,1404.26,2024-10-19,8,FCMP019,Lookbook,Instagram,8500,1,0,73,2,1404.26,2.0,Low,41.07,Ethnic Wear,Summer,11546,26295,0.1984464395324873
CUST_0110,54,Male,Post Graduate,Married,69832,Accessories,Seasonal Shopper,10,880.88,8808.8,2024-12-18,36,FCMP046,Flash Sale,Instagram,5200,0,0,13,10,8808.8,4.0,Mid,50.14,Accessories,Festive,36065,332252,0.3901301913549269
CUST_0111,37,Female,High School,Married,31432,Ethnic Wear,Trendsetter,6,348.7,2092.2,2024-12-27,19,FCMP047,Lookbook,Influencer Marketing,8500,1,0,4,6,2092.2,3.33,Low,61.33,Accessories,Festive,30199,132296,0.304960150934867
CUST_0112,26,Female,Graduate,Married,33904,Accessories,Seasonal Shopper,4,200.0,800.0,2024-12-05,19,FCMP024,Lookbook,Instagram,8500,0,0,26,4,800.0,3.0,Low,26.44,Footwear,Wedding Season,7911,442515,0.7300195297855031
CUST_0113,34,Male,Graduate,Single,40673,Footwear,Seasonal Shopper,5,200.0,1000.0,2024-12-11,21,FCMP048,Flash Sale,Facebook Ads,5200,1,1,20,5,1000.0,3.0,Low,59.43,Footwear,Summer,46976,114179,0.0205704556299331
CUST_0114,34,Female,Post Graduate,Married,46796,Ethnic Wear,Trendsetter,3,200.0,600.0,2024-05-03,3,FCMP038,New Arrivals,Facebook Ads,6800,1,1,242,3,600.0,1.33,Low,34.12,Western Wear,Summer,44384,481713,0.5599023198009292
CUST_0115,23,Female,Graduate,Single,50098,Winter Wear,Essentials Buyer,1,200.0,200.0,2024-12-26,1,FCMP031,New Arrivals,Email,6800,1,0,5,1,200.0,2.33,Low,36.33,Footwear,Summer,28078,199426,0.5247961561741474
CUST_0116,42,Female,Graduate,Married,46147,Winter Wear,Essentials Buyer,9,394.43,3549.87,2024-12-24,36,FCMP013,Lookbook,Facebook Ads,8500,1,1,7,9,3549.87,3.67,Low,81.75,Winter Wear,Regular,56663,400002,0.4463495100494757
CUST_0117,25,Male,PhD,Married,78474,Ethnic Wear,Essentials Buyer,2,744.62,1489.24,2024-11-23,3,FCMP010,Lookbook,Facebook Ads,8500,1,0,38,2,1489.24,2.33,Low,34.77,Footwear,Festive,47107,485910,0.3909447397565234
CUST_0118,51,Female,Post Graduate,Married,72963,Western Wear,Essentials Buyer,7,322.48,2257.36,2024-12-08,20,FCMP039,Flash Sale,Instagram,5200,1,1,23,7,2257.36,3.33,Low,57.92,Western Wear,Summer,52025,198047,0.3942847492055126
CUST_0119,38,Other,Graduate,Married,45973,Accessories,Luxury Seeker,3,1549.1,4647.3,2024-12-23,11,FCMP004,New Arrivals,Facebook Ads,6800,0,0,8,3,4647.3,2.67,Low,18.0,Western Wear,Summer,39698,385871,0.4079902044032516
CUST_0120,31,Female,Graduate,Single,36481,Accessories,Seasonal Shopper,14,200.0,2800.0,2024-11-30,39,FCMP035,Flash Sale,Email,5200,1,0,31,14,2800.0,3.33,Low,82.94,Footwear,Winter,6802,233090,0.4209594906234262
CUST_0121,32,Male,Graduate,Single,43131,Ethnic Wear,Essentials Buyer,3,370.01,1110.03,2024-06-29,7,FCMP038,New Arrivals,Facebook Ads,6800,1,1,185,3,1110.03,1.33,Low,39.49,Western Wear,Summer,44384,481713,0.5599023198009292
CUST_0122,25,Female,Post Graduate,Married,58442,Ethnic Wear,Luxury Seeker,7,648.63,4540.41,2024-11-17,24,FCMP013,Flash Sale,Facebook Ads,5200,1,1,44,7,4540.41,3.0,Low,62.67,Winter Wear,Regular,56663,400002,0.4463495100494757
CUST_0123,19,Female,Graduate,Married,43179,Western Wear,Trendsetter,2,580.52,1161.04,2024-10-22,1,FCMP047,Lookbook,Influencer Marketing,8500,0,0,70,2,1161.04,2.0,Low,1.76,Accessories,Festive,30199,132296,0.304960150934867
CUST_0124,23,Female,Graduate,Married,44749,Footwear,Seasonal Shopper,1,776.23,776.23,2024-10-18,1,FCMP019,Lookbook,Instagram,8500,0,0,74,1,776.23,1.67,Low,1.73,Ethnic Wear,Summer,11546,26295,0.1984464395324873
CUST_0125,25,Female,Post Graduate,Married,77166,Footwear,Seasonal Shopper,11,1156.96,12726.56,2024-10-14,30,FCMP025,New Arrivals,Instagram,6800,0,0,78,11,12726.56,3.67,Mid,40.38,Ethnic Wear,Wedding Season,6734,163946,0.4475215460051547
CUST_0126,26,Female,Graduate,Single,46364,Western Wear,Seasonal Shopper,5,354.6,1773.0,2024-12-28,15,FCMP006,Lookbook,Influencer Marketing,8500,0,0,3,5,1773.0,3.0,Low,27.5,Winter Wear,Summer,20087,303076,0.6793064591208474
CUST_0127,23,Female,Post Graduate,Married,49463,Western Wear,Seasonal Shopper,3,1036.28,3108.84,2024-12-28,9,FCMP002,Flash Sale,Facebook Ads,5200,1,1,3,3,3108.84,2.67,Low,49.5,Ethnic Wear,Summer,5197,153121,0.6932533769212101
CUST_0128,40,Other,Graduate,Single,38869,Accessories,Trendsetter,2,521.82,1043.64,2024-08-09,5,FCMP005,New Arrivals,Facebook Ads,6800,1,0,144,2,1043.64,1.33,Low,36.87,Ethnic Wear,Festive,49542,395037,0.4103699687504942
CUST_0129,45,Female,Post Graduate,Married,86051,Ethnic Wear,Trendsetter,1,1434.38,1434.38,2024-12-27,1,FCMP039,New Arrivals,Instagram,6800,1,1,4,1,1434.38,2.33,Low,37.33,Western Wear,Summer,52025,198047,0.3942847492055126
CUST_0130,34,Male,Post Graduate,Married,63053,Western Wear,Essentials Buyer,2,575.63,1151.26,2024-10-08,7,FCMP031,Lookbook,Email,8500,0,0,84,2,1151.26,2.0,Low,9.69,Footwear,Summer,28078,199426,0.5247961561741474
CUST_0131,20,Male,High School,Single,29180,Accessories,Luxury Seeker,12,790.16,9481.92,2024-10-16,33,FCMP049,New Arrivals,Influencer Marketing,6800,1,1,76,12,9481.92,3.33,Mid,74.39,Western Wear,Regular,21371,110272,0.5575867501743133
CUST_0132,45,Female,Post Graduate,Married,59200,Winter Wear,Seasonal Shopper,5,770.82,3854.1,2024-10-28,18,FCMP046,New Arrivals,Instagram,6800,1,0,64,5,3854.1,2.33,Low,54.46,Accessories,Festive,36065,332252,0.3901301913549269
CUST_0133,36,Female,Graduate,Single,47767,Footwear,Essentials Buyer,2,647.61,1295.22,2024-11-19,8,FCMP046,Flash Sale,Instagram,5200,0,0,42,2,1295.22,2.33,Low,11.36,Accessories,Festive,36065,332252,0.3901301913549269
CUST_0134,18,Female,High School,Single,22424,Footwear,Luxury Seeker,2,1175.14,2350.28,2024-09-25,4,FCMP045,New Arrivals,Influencer Marketing,6800,1,0,97,2,2350.28,1.67,Low,35.64,Accessories,Wedding Season,51843,474351,0.2268313698632377
CUST_0135,28,Male,Graduate,Married,41664,Ethnic Wear,Seasonal Shopper,6,362.08,2172.48,2024-11-07,16,FCMP048,Flash Sale,Facebook Ads,5200,0,0,54,6,2172.48,3.0,Low,21.88,Footwear,Summer,46976,114179,0.0205704556299331
CUST_0136,23,Female,Post Graduate,Married,69514,Western Wear,Essentials Buyer,7,200.0,1400.0,2024-12-24,24,FCMP040,New Arrivals,Influencer Marketing,6800,0,0,7,7,1400.0,3.33,Low,35.75,Winter Wear,Festive,52254,303501,0.4282224152130804
CUST_0137,38,Female,Graduate,Single,52145,Footwear,Essentials Buyer,7,284.85,1993.95,2024-10-10,17,FCMP008,New Arrivals,Email,6800,0,0,82,7,1993.95,2.67,Low,23.03,Accessories,Regular,30184,311999,0.4402188990449158
CUST_0138,35,Male,High School,Married,28245,Western Wear,Essentials Buyer,2,200.0,400.0,2024-08-26,6,FCMP030,Flash Sale,Google Ads,5200,0,0,127,2,400.0,1.33,Low,8.23,Winter Wear,Summer,10759,474483,0.2093750615108645
CUST_0139,19,Female,Graduate,Divorced,22269,Western Wear,Trendsetter,1,336.39,336.39,2024-12-06,10,FCMP006,Lookbook,Influencer Marketing,8500,1,1,25,1,336.39,2.33,Low,44.49,Winter Wear,Summer,20087,303076,0.6793064591208474
CUST_0140,29,Male,Post Graduate,Married,53308,Western Wear,Trendsetter,1,441.05,441.05,2024-12-19,1,FCMP005,Flash Sale,Facebook Ads,5200,1,1,12,1,441.05,2.33,Low,33.64,Ethnic Wear,Festive,49542,395037,0.4103699687504942
CUST_0141,45,Female,High School,Married,26633,Ethnic Wear,Trendsetter,10,456.13,4561.3,2024-12-08,25,FCMP036,New Arrivals,Facebook Ads,6800,1,1,23,10,4561.3,3.67,Low,64.58,Footwear,Wedding Season,13155,153272,0.2002272403232158
CUST_0142,22,Female,Post Graduate,Single,66615,Western Wear,Seasonal Shopper,2,1037.15,2074.3,2024-12-22,1,FCMP006,Lookbook,Influencer Marketing,8500,1,0,9,2,2074.3,2.67,Low,34.33,Winter Wear,Summer,20087,303076,0.6793064591208474
CUST_0143,24,Female,High School,Single,26411,Ethnic Wear,Trendsetter,5,561.79,2808.95,2024-12-20,15,FCMP026,Flash Sale,Email,5200,1,0,11,5,2808.95,3.0,Low,52.5,Accessories,Winter,23227,398480,0.3004566295771733
CUST_0144,19,Female,Post Graduate,Married,71453,Western Wear,Luxury Seeker,8,1364.03,10912.24,2024-12-08,32,FCMP021,Lookbook,Influencer Marketing,8500,1,1,23,8,10912.24,4.33,Mid,73.92,Western Wear,Summer,35206,408215,0.2796826413040631
CUST_0145,29,Female,PhD,Married,69971,Ethnic Wear,Trendsetter,2,898.45,1796.9,2024-10-29,2,FCMP049,Flash Sale,Influencer Marketing,5200,1,1,63,2,1796.9,2.0,Low,33.14,Western Wear,Regular,21371,110272,0.5575867501743133
CUST_0146,27,Female,PhD,Married,71837,Winter Wear,Essentials Buyer,1,492.81,492.81,2024-09-15,1,FCMP034,Lookbook,Instagram,8500,1,0,107,1,492.81,1.33,Low,31.61,Winter Wear,Winter,42504,320504,0.6507146195191259
CUST_0147,18,Female,High School,Married,22771,Footwear,Trendsetter,3,722.92,2168.76,2024-11-23,6,FCMP007,Lookbook,Email,8500,1,0,38,3,2168.76,2.33,Low,38.77,Footwear,Wedding Season,27671,137796,0.5487960916598252
CUST_0148,32,Male,Graduate,Married,52750,Accessories,Seasonal Shopper,8,463.48,3707.84,2024-06-30,25,FCMP009,Lookbook,Email,8500,0,1,184,8,3707.84,2.33,Low,33.5,Footwear,Summer,32848,212506,0.5342013999162889
CUST_0149,39,Female,Graduate,Married,49598,Accessories,Trendsetter,9,783.42,7050.78,2024-07-31,32,FCMP046,New Arrivals,Instagram,6800,1,1,153,9,7050.78,2.67,Low,72.86,Accessories,Festive,36065,332252,0.3901301913549269
CUST_0150,35,Female,High School,Single,24107,Footwear,Luxury Seeker,1,200.0,200.0,2024-10-05,5,FCMP014,Flash Sale,Influencer Marketing,5200,0,0,87,1,200.0,1.67,Low,7.01,Footwear,Summer,20708,193714,0.6382908202702389
CUST_0151,43,Female,Graduate,Single,44043,Ethnic Wear,Essentials Buyer,9,200.0,1800.0,2024-12-26,27,FCMP002,Flash Sale,Facebook Ads,5200,1,1,5,9,1800.0,3.67,Low,71.0,Ethnic Wear,Summer,5197,153121,0.6932533769212101
CUST_0152,26,Male,Post Graduate,Married,41252,Footwear,Essentials Buyer,7,200.0,1400.0,2024-12-30,23,FCMP025,Lookbook,Instagram,8500,0,0,1,7,1400.0,3.33,Low,45.67,Ethnic Wear,Wedding Season,6734,163946,0.4475215460051547
CUST_0153,28,Female,Post Graduate,Single,71133,Footwear,Essentials Buyer,3,200.0,600.0,2024-12-30,6,FCMP039,Lookbook,Instagram,8500,1,0,1,3,600.0,2.67,Low,53.0,Western Wear,Summer,52025,198047,0.3942847492055126
CUST_0154,38,Female,High School,Divorced,25005,Accessories,Luxury Seeker,5,200.0,1000.0,2024-12-05,15,FCMP008,Flash Sale,Email,5200,1,1,26,5,1000.0,3.0,Low,51.11,Accessories,Regular,30184,311999,0.4402188990449158
CUST_0155,43,Male,Graduate,Single,41944,Western Wear,Luxury Seeker,2,731.9,1463.8,2024-09-14,9,FCMP002,Flash Sale,Facebook Ads,5200,0,0,108,2,1463.8,1.67,Low,12.28,Ethnic Wear,Summer,5197,153121,0.6932533769212101
CUST_0156,41,Other,Graduate,Married,61660,Ethnic Wear,Luxury Seeker,1,1478.77,1478.77,2024-12-27,10,FCMP039,Flash Sale,Instagram,5200,1,1,4,1,1478.77,2.33,Low,49.33,Western Wear,Summer,52025,198047,0.3942847492055126
CUST_0157,38,Male,Graduate,Single,37824,Western Wear,Luxury Seeker,5,1177.99,5889.95,2024-12-22,15,FCMP020,New Arrivals,Google Ads,6800,1,0,9,5,5889.95,3.33,Low,53.0,Western Wear,Wedding Season,39754,403029,0.3750506318914162
CUST_0158,18,Male,Post Graduate,Married,59198,Western Wear,Trendsetter,8,552.55,4420.4,2024-12-27,24,FCMP023,Lookbook,Google Ads,8500,1,0,4,8,4420.4,3.67,Low,68.0,Winter Wear,Winter,16411,294327,0.329960533603584
CUST_0159,27,Male,Post Graduate,Married,67820,Footwear,Seasonal Shopper,1,1305.32,1305.32,2024-11-16,1,FCMP019,New Arrivals,Instagram,6800,0,0,45,1,1305.32,2.0,Low,1.99,Ethnic Wear,Summer,11546,26295,0.1984464395324873
CUST_0160,51,Female,PhD,Married,79403,Footwear,Seasonal Shopper,5,815.34,4076.7,2024-12-11,14,FCMP030,Flash Sale,Google Ads,5200,1,1,20,5,4076.7,3.0,Low,50.1,Winter Wear,Summer,10759,474483,0.2093750615108645
CUST_0161,19,Male,Graduate,Single,44326,Western Wear,Seasonal Shopper,1,912.51,912.51,2024-11-23,1,FCMP047,Flash Sale,Influencer Marketing,5200,0,1,38,1,912.51,2.0,Low,2.1,Accessories,Festive,30199,132296,0.304960150934867
CUST_0162,26,Male,Post Graduate,Married,74988,Winter Wear,Seasonal Shopper,9,1570.35,14133.15,2024-05-23,26,FCMP007,Lookbook,Email,8500,0,0,222,9,14133.15,3.0,Mid,34.8,Footwear,Wedding Season,27671,137796,0.5487960916598252
CUST_0163,37,Female,Post Graduate,Single,69074,Footwear,Seasonal Shopper,7,803.95,5627.65,2024-11-09,18,FCMP003,Flash Sale,Email,5200,0,0,52,7,5627.65,3.33,Low,24.57,Accessories,Summer,28509,182688,0.5087543712573461
CUST_0164,33,Female,Graduate,Divorced,38369,Western Wear,Trendsetter,2,666.02,1332.04,2024-11-10,7,FCMP026,Flash Sale,Email,5200,0,0,51,2,1332.04,2.33,Low,9.91,Accessories,Winter,23227,398480,0.3004566295771733
CUST_0165,29,Female,Graduate,Married,42429,Ethnic Wear,Trendsetter,4,200.0,800.0,2024-12-02,9,FCMP046,Lookbook,Instagram,8500,1,0,29,4,800.0,3.0,Low,43.0,Accessories,Festive,36065,332252,0.3901301913549269
CUST_0166,30,Female,Post Graduate,Single,47625,Ethnic Wear,Essentials Buyer,3,200.0,600.0,2024-12-15,12,FCMP048,Flash Sale,Facebook Ads,5200,0,0,16,3,600.0,2.67,Low,17.76,Footwear,Summer,46976,114179,0.0205704556299331
CUST_0167,51,Female,Post Graduate,Single,48871,Western Wear,Seasonal Shopper,2,1162.07,2324.14,2024-11-09,9,FCMP006,New Arrivals,Influencer Marketing,6800,0,0,52,2,2324.14,2.33,Low,12.57,Winter Wear,Summer,20087,303076,0.6793064591208474
CUST_0168,30,Female,Graduate,Single,48487,Ethnic Wear,Seasonal Shopper,1,200.0,200.0,2024-11-11,1,FCMP034,Lookbook,Instagram,8500,0,0,50,1,200.0,2.0,Low,1.92,Winter Wear,Winter,42504,320504,0.6507146195191259
CUST_0169,23,Female,High School,Divorced,28714,Ethnic Wear,Trendsetter,3,407.09,1221.27,2024-12-30,10,FCMP019,Flash Sale,Instagram,5200,0,0,1,3,1221.27,2.67,Low,28.33,Ethnic Wear,Summer,11546,26295,0.1984464395324873
CUST_0170,24,Female,Graduate,Single,41406,Western Wear,Trendsetter,13,924.72,12021.36,2024-11-20,37,FCMP003,Lookbook,Email,8500,0,0,41,13,12021.36,4.0,Mid,50.05,Accessories,Summer,28509,182688,0.5087543712573461
CUST_0171,18,Other,Graduate,Married,32961,Ethnic Wear,Seasonal Shopper,4,200.0,800.0,2024-10-10,9,FCMP001,New Arrivals,Google Ads,6800,1,1,82,4,800.0,2.33,Low,42.36,Accessories,Summer,45545,393616,0.4191338416862005
CUST_0172,30,Male,Graduate,Divorced,41176,Winter Wear,Seasonal Shopper,4,375.96,1503.84,2024-11-17,7,FCMP024,New Arrivals,Instagram,6800,1,0,44,4,1503.84,2.67,Low,40.0,Footwear,Wedding Season,7911,442515,0.7300195297855031
CUST_0173,22,Female,Post Graduate,Married,50947,Ethnic Wear,Trendsetter,8,1004.28,8034.24,2024-12-25,25,FCMP037,New Arrivals,Email,6800,0,0,6,8,8034.24,4.0,Mid,37.62,Accessories,Regular,13120,263548,0.4068232667186156
CUST_0174,28,Female,Post Graduate,Single,68277,Footwear,Trendsetter,14,1072.63,15016.82,2024-12-27,44,FCMP025,Flash Sale,Instagram,5200,1,1,4,14,15016.82,4.67,Mid,94.67,Ethnic Wear,Wedding Season,6734,163946,0.4475215460051547
CUST_0175,37,Male,Graduate,Married,39125,Western Wear,Seasonal Shopper,6,379.91,2279.46,2024-12-05,21,FCMP035,New Arrivals,Email,6800,0,0,26,6,2279.46,3.33,Low,29.11,Footwear,Winter,6802,233090,0.4209594906234262
CUST_0176,30,Other,Post Graduate,Married,63230,Winter Wear,Seasonal Shopper,2,241.97,483.94,2024-12-30,2,FCMP019,New Arrivals,Instagram,6800,1,0,1,2,483.94,2.67,Low,47.67,Ethnic Wear,Summer,11546,26295,0.1984464395324873
CUST_0177,49,Male,Post Graduate,Married,62175,Ethnic Wear,Essentials Buyer,5,236.35,1181.75,2024-11-02,19,FCMP032,Flash Sale,Google Ads,5200,0,1,59,5,1181.75,2.67,Low,25.83,Winter Wear,Festive,40153,408207,0.5502117726264755
CUST_0178,40,Other,Graduate,Single,49155,Western Wear,Seasonal Shopper,5,603.11,3015.55,2024-11-07,15,FCMP014,New Arrivals,Influencer Marketing,6800,1,0,54,5,3015.55,2.67,Low,50.55,Footwear,Summer,20708,193714,0.6382908202702389
CUST_0179,18,Male,High School,Single,19771,Winter Wear,Essentials Buyer,4,200.0,800.0,2024-10-09,13,FCMP005,Flash Sale,Facebook Ads,5200,1,1,83,4,800.0,2.33,Low,47.69,Ethnic Wear,Festive,49542,395037,0.4103699687504942
CUST_0180,23,Female,Graduate,Married,38816,Winter Wear,Trendsetter,2,629.35,1258.7,2024-10-09,4,FCMP034,Lookbook,Instagram,8500,0,0,83,2,1258.7,2.0,Low,5.69,Winter Wear,Winter,42504,320504,0.6507146195191259
CUST_0181,44,Female,High School,Divorced,21403,Accessories,Seasonal Shopper,7,1052.02,7364.14,2024-11-28,24,FCMP021,Flash Sale,Influencer Marketing,5200,0,0,33,7,7364.14,3.33,Low,32.88,Western Wear,Summer,35206,408215,0.2796826413040631
CUST_0182,41,Female,High School,Married,41908,Western Wear,Seasonal Shopper,1,200.0,200.0,2024-12-08,6,FCMP039,Lookbook,Instagram,8500,1,0,23,1,200.0,2.33,Low,39.25,Western Wear,Summer,52025,198047,0.3942847492055126
CUST_0183,40,Male,High School,Married,22794,Ethnic Wear,Seasonal Shopper,12,200.0,2400.0,2024-11-24,36,FCMP036,Flash Sale,Facebook Ads,5200,1,0,37,12,2400.0,3.33,Low,78.79,Footwear,Wedding Season,13155,153272,0.2002272403232158
CUST_0184,39,Female,Graduate,Divorced,43887,Footwear,Trendsetter,1,979.87,979.87,2024-10-09,3,FCMP018,New Arrivals,Facebook Ads,6800,1,1,83,1,979.87,1.67,Low,34.36,Footwear,Festive,52011,24499,0.2463998366949203
CUST_0185,33,Female,Post Graduate,Divorced,65799,Winter Wear,Seasonal Shopper,1,956.94,956.94,2024-12-29,7,FCMP014,Lookbook,Influencer Marketing,8500,1,1,2,1,956.94,2.33,Low,49.33,Footwear,Summer,20708,193714,0.6382908202702389
CUST_0186,23,Female,Graduate,Married,44501,Footwear,Trendsetter,6,1188.26,7129.56,2024-10-07,16,FCMP043,Lookbook,Google Ads,8500,0,0,85,6,7129.56,3.0,Low,21.68,Accessories,Wedding Season,35306,22869,0.2788986654987028
CUST_0187,38,Female,Graduate,Single,36317,Footwear,Essentials Buyer,2,200.0,400.0,2024-11-05,12,FCMP010,Flash Sale,Facebook Ads,5200,0,0,56,2,400.0,2.33,Low,16.53,Footwear,Festive,47107,485910,0.3909447397565234
CUST_0188,41,Male,Post Graduate,Married,71051,Western Wear,Essentials Buyer,2,582.16,1164.32,2024-12-30,6,FCMP012,New Arrivals,Email,6800,1,0,1,2,1164.32,2.67,Low,53.0,Footwear,Summer,49357,289544,0.6105954724263182
CUST_0189,31,Female,PhD,Married,78119,Accessories,Essentials Buyer,3,216.11,648.33,2024-12-25,6,FCMP031,New Arrivals,Email,6800,1,1,6,3,648.33,2.67,Low,42.29,Footwear,Summer,28078,199426,0.5247961561741474
CUST_0190,21,Female,Graduate,Single,41207,Ethnic Wear,Essentials Buyer,3,200.0,600.0,2024-12-31,3,FCMP025,New Arrivals,Instagram,6800,0,0,0,3,600.0,2.67,Low,34.0,Ethnic Wear,Wedding Season,6734,163946,0.4475215460051547
CUST_0191,36,Female,Post Graduate,Married,87740,Western Wear,Seasonal Shopper,2,906.29,1812.58,2024-10-31,1,FCMP034,New Arrivals,Instagram,6800,0,0,61,2,1812.58,2.0,Low,1.82,Winter Wear,Winter,42504,320504,0.6507146195191259
CUST_0192,33,Other,Post Graduate,Married,46353,Western Wear,Essentials Buyer,1,641.08,641.08,2024-09-21,8,FCMP038,Lookbook,Facebook Ads,8500,0,0,101,1,641.08,1.33,Low,10.96,Western Wear,Summer,44384,481713,0.5599023198009292
CUST_0193,36,Male,Graduate,Married,54235,Footwear,Essentials Buyer,12,887.77,10653.24,2024-11-27,32,FCMP018,New Arrivals,Facebook Ads,6800,0,1,34,12,10653.24,4.0,Mid,43.52,Footwear,Festive,52011,24499,0.2463998366949203
CUST_0194,22,Male,PhD,Married,79700,Western Wear,Luxury Seeker,14,1983.38,27767.32,2024-10-28,42,FCMP009,Flash Sale,Email,5200,1,1,64,14,27767.32,4.33,High,86.46,Footwear,Summer,32848,212506,0.5342013999162889
CUST_0195,30,Male,Graduate,Single,35019,Ethnic Wear,Trendsetter,22,200.0,4400.0,2024-11-13,68,FCMP028,Lookbook,Influencer Marketing,8500,1,0,48,22,4400.0,3.33,Low,100.0,Accessories,Summer,24360,287683,0.595027924205977
CUST_0196,18,Other,Graduate,Married,48743,Footwear,Essentials Buyer,16,570.43,9126.88,2024-09-15,45,FCMP045,Flash Sale,Influencer Marketing,5200,0,0,107,16,9126.88,3.0,Mid,60.28,Accessories,Wedding Season,51843,474351,0.2268313698632377
CUST_0197,31,Other,Post Graduate,Married,69701,Western Wear,Trendsetter,5,704.76,3523.8,2024-11-24,16,FCMP001,Flash Sale,Google Ads,5200,0,0,37,5,3523.8,2.67,Low,22.12,Accessories,Summer,45545,393616,0.4191338416862005
CUST_0198,27,Female,Graduate,Married,55284,Footwear,Trendsetter,2,1050.26,2100.52,2024-12-27,8,FCMP022,Lookbook,Facebook Ads,8500,1,1,4,2,2100.52,2.67,Low,46.67,Accessories,Summer,46106,341184,0.3285125209656627
CUST_0199,31,Female,Graduate,Married,49981,Ethnic Wear,Seasonal Shopper,6,200.0,1200.0,2024-10-23,22,FCMP005,Lookbook,Facebook Ads,8500,0,0,69,6,1200.0,2.67,Low,29.76,Ethnic Wear,Festive,49542,395037,0.4103699687504942
CUST_0200,25,Female,Post Graduate,Single,58006,Footwear,Essentials Buyer,6,594.21,3565.26,2024-12-20,14,FCMP020,Lookbook,Google Ads,8500,0,0,11,6,3565.26,3.33,Low,21.17,Western Wear,Wedding Season,39754,403029,0.3750506318914162
CUST_0201,40,Female,High School,Married,25613,Footwear,Luxury Seeker,3,502.22,1506.66,2024-12-01,15,FCMP031,Lookbook,Email,8500,0,0,30,3,1506.66,2.33,Low,20.97,Footwear,Summer,28078,199426,0.5247961561741474
CUST_0202,28,Female,High School,Single,30237,Ethnic Wear,Seasonal Shopper,3,501.26,1503.78,2024-12-13,10,FCMP019,Flash Sale,Instagram,5200,0,0,18,3,1503.78,2.67,Low,14.91,Ethnic Wear,Summer,11546,26295,0.1984464395324873
CUST_0203,18,Female,High School,Single,34288,Western Wear,Trendsetter,1,810.99,810.99,2024-12-29,1,FCMP024,Flash Sale,Instagram,5200,1,1,2,1,810.99,2.33,Low,41.33,Footwear,Wedding Season,7911,442515,0.7300195297855031
CUST_0204,40,Male,High School,Single,27180,Ethnic Wear,Trendsetter,5,690.53,3452.65,2024-12-07,16,FCMP048,Flash Sale,Facebook Ads,5200,0,0,24,5,3452.65,3.0,Low,22.53,Footwear,Summer,46976,114179,0.0205704556299331
CUST_0205,26,Male,Graduate,Divorced,41952,Ethnic Wear,Luxury Seeker,6,1490.06,8940.36,2024-11-13,11,FCMP009,New Arrivals,Email,6800,1,0,48,6,8940.36,3.33,Mid,45.28,Footwear,Summer,32848,212506,0.5342013999162889
CUST_0206,33,Male,Graduate,Married,30831,Winter Wear,Seasonal Shopper,4,753.75,3015.0,2024-10-28,8,FCMP039,Flash Sale,Instagram,5200,0,0,64,4,3015.0,2.33,Low,11.13,Western Wear,Summer,52025,198047,0.3942847492055126
CUST_0207,31,Male,High School,Single,30261,Western Wear,Essentials Buyer,1,200.0,200.0,2024-12-29,2,FCMP042,Lookbook,Instagram,8500,1,1,2,1,200.0,2.33,Low,42.67,Winter Wear,Regular,25445,97505,0.5094334451140538
CUST_0208,35,Other,Post Graduate,Married,74113,Accessories,Seasonal Shopper,3,200.0,600.0,2024-09-16,9,FCMP043,Lookbook,Google Ads,8500,1,0,106,3,600.0,1.67,Low,42.28,Accessories,Wedding Season,35306,22869,0.2788986654987028
CUST_0209,18,Male,Post Graduate,Married,60822,Western Wear,Seasonal Shopper,4,200.0,800.0,2024-12-02,9,FCMP039,Lookbook,Instagram,8500,0,0,29,4,800.0,3.0,Low,13.0,Western Wear,Summer,52025,198047,0.3942847492055126
CUST_0210,35,Other,Post Graduate,Married,61455,Accessories,Seasonal Shopper,9,1087.69,9789.21,2024-12-19,29,FCMP034,New Arrivals,Instagram,6800,1,0,12,9,9789.21,4.0,Mid,70.97,Winter Wear,Winter,42504,320504,0.6507146195191259
CUST_0211,32,Female,Graduate,Single,39817,Accessories,Seasonal Shopper,11,833.65,9170.15,2024-11-20,32,FCMP037,New Arrivals,Email,6800,1,1,41,11,9170.15,3.67,Mid,73.38,Accessories,Regular,13120,263548,0.4068232667186156
CUST_0212,27,Female,Graduate,Single,46715,Footwear,Essentials Buyer,5,200.0,1000.0,2024-12-07,17,FCMP020,Flash Sale,Google Ads,5200,0,0,24,5,1000.0,3.0,Low,23.87,Western Wear,Wedding Season,39754,403029,0.3750506318914162
CUST_0213,31,Female,PhD,Single,78055,Footwear,Trendsetter,3,1573.74,4721.22,2024-12-07,13,FCMP001,New Arrivals,Google Ads,6800,1,1,24,3,4721.22,2.67,Low,48.53,Accessories,Summer,45545,393616,0.4191338416862005
CUST_0214,47,Female,Graduate,Married,45965,Western Wear,Luxury Seeker,4,959.49,3837.96,2024-12-27,12,FCMP042,New Arrivals,Instagram,6800,1,0,4,4,3837.96,3.0,Low,52.0,Winter Wear,Regular,25445,97505,0.5094334451140538
CUST_0215,39,Male,Post Graduate,Married,51565,Western Wear,Seasonal Shopper,2,503.35,1006.7,2024-11-19,1,FCMP043,New Arrivals,Google Ads,6800,0,0,42,2,1006.7,2.33,Low,2.03,Accessories,Wedding Season,35306,22869,0.2788986654987028
CUST_0216,46,Male,Post Graduate,Married,73479,Winter Wear,Seasonal Shopper,12,1074.1,12889.2,2024-12-20,36,FCMP046,Lookbook,Instagram,8500,0,0,11,12,12889.2,4.33,Mid,50.5,Accessories,Festive,36065,332252,0.3901301913549269
CUST_0217,31,Female,High School,Married,27121,Accessories,Seasonal Shopper,2,963.89,1927.78,2024-12-31,4,FCMP044,Lookbook,Influencer Marketing,8500,1,0,0,2,1927.78,2.67,Low,65.33,Accessories,Winter,21646,277186,0.5137088684456091
CUST_0218,37,Female,Post Graduate,Single,51796,Winter Wear,Trendsetter,2,528.58,1057.16,2024-12-19,2,FCMP020,New Arrivals,Google Ads,6800,1,0,12,2,1057.16,2.67,Low,34.97,Western Wear,Wedding Season,39754,403029,0.3750506318914162
CUST_0219,26,Female,PhD,Married,85533,Ethnic Wear,Seasonal Shopper,3,1290.45,3871.35,2024-12-09,6,FCMP027,Flash Sale,Email,5200,0,0,22,3,3871.35,2.67,Low,9.3,Winter Wear,Festive,13680,52711,0.3053593615748523
CUST_0220,30,Female,Post Graduate,Married,57751,Accessories,Seasonal Shopper,9,1023.44,9210.96,2024-11-16,26,FCMP018,Flash Sale,Facebook Ads,5200,1,0,45,9,9210.96,3.67,Mid,65.32,Footwear,Festive,52011,24499,0.2463998366949203
CUST_0221,27,Female,Graduate,Single,51962,Winter Wear,Seasonal Shopper,3,371.92,1115.76,2024-12-21,8,FCMP015,Lookbook,Google Ads,8500,0,0,10,3,1115.76,2.67,Low,13.39,Ethnic Wear,Festive,31370,35151,0.4781830871799218
CUST_0222,25,Female,High School,Single,25518,Ethnic Wear,Luxury Seeker,6,874.75,5248.5,2024-12-05,20,FCMP027,Lookbook,Email,8500,1,0,26,6,5248.5,3.67,Low,57.78,Winter Wear,Festive,13680,52711,0.3053593615748523
CUST_0223,18,Female,Post Graduate,Single,69135,Ethnic Wear,Essentials Buyer,1,722.33,722.33,2024-11-16,5,FCMP034,Lookbook,Instagram,8500,0,0,45,1,722.33,2.0,Low,7.32,Winter Wear,Winter,42504,320504,0.6507146195191259
CUST_0224,29,Female,Graduate,Married,38103,Accessories,Seasonal Shopper,7,281.82,1972.74,2024-12-04,24,FCMP014,Flash Sale,Influencer Marketing,5200,1,0,27,7,1972.74,3.33,Low,63.07,Footwear,Summer,20708,193714,0.6382908202702389
CUST_0225,23,Male,Post Graduate,Single,71256,Footwear,Trendsetter,1,1501.92,1501.92,2024-11-29,6,FCMP049,Flash Sale,Influencer Marketing,5200,1,1,32,1,1501.92,2.0,Low,38.91,Western Wear,Regular,21371,110272,0.5575867501743133
CUST_0226,37,Female,High School,Married,29757,Accessories,Trendsetter,3,200.0,600.0,2024-12-29,11,FCMP025,Flash Sale,Instagram,5200,1,1,2,3,600.0,2.67,Low,54.67,Ethnic Wear,Wedding Season,6734,163946,0.4475215460051547
CUST_0227,34,Female,Graduate,Married,45309,Ethnic Wear,Seasonal Shopper,5,200.0,1000.0,2024-11-30,17,FCMP048,New Arrivals,Facebook Ads,6800,0,0,31,5,1000.0,2.67,Low,23.6,Footwear,Summer,46976,114179,0.0205704556299331
CUST_0228,33,Male,Graduate,Divorced,47441,Accessories,Seasonal Shopper,1,812.0,812.0,2024-10-26,7,FCMP047,New Arrivals,Influencer Marketing,6800,0,1,66,1,812.0,1.67,Low,9.78,Accessories,Festive,30199,132296,0.304960150934867
CUST_0229,31,Female,Graduate,Married,38803,Ethnic Wear,Seasonal Shopper,1,531.33,531.33,2024-10-11,10,FCMP038,Lookbook,Facebook Ads,8500,0,0,81,1,531.33,1.67,Low,13.7,Western Wear,Summer,44384,481713,0.5599023198009292
CUST_0230,34,Male,Graduate,Married,30349,Ethnic Wear,Luxury Seeker,3,581.7,1745.1,2024-10-19,6,FCMP007,New Arrivals,Email,6800,1,1,73,3,1745.1,2.0,Low,38.41,Footwear,Wedding Season,27671,137796,0.5487960916598252
CUST_0231,19,Male,Post Graduate,Married,63979,Ethnic Wear,Essentials Buyer,1,940.68,940.68,2024-12-06,1,FCMP023,Lookbook,Google Ads,8500,1,1,25,1,940.68,2.33,Low,32.49,Winter Wear,Winter,16411,294327,0.329960533603584
CUST_0232,20,Male,High School,Single,20586,Accessories,Seasonal Shopper,1,454.9,454.9,2024-12-10,2,FCMP037,Flash Sale,Email,5200,0,0,21,1,454.9,2.33,Low,4.03,Accessories,Regular,13120,263548,0.4068232667186156
CUST_0233,37,Male,Graduate,Single,50413,Footwear,Seasonal Shopper,7,844.91,5914.37,2024-11-29,23,FCMP031,Lookbook,Email,8500,1,1,32,7,5914.37,3.33,Low,61.58,Footwear,Summer,28078,199426,0.5247961561741474
CUST_0234,46,Female,Graduate,Single,36080,Footwear,Luxury Seeker,6,1459.31,8755.86,2024-09-24,22,FCMP035,Lookbook,Email,8500,0,0,98,6,8755.86,2.67,Mid,29.64,Footwear,Winter,6802,233090,0.4209594906234262
CUST_0235,46,Female,Graduate,Married,39689,Western Wear,Trendsetter,1,959.41,959.41,2024-11-30,2,FCMP039,New Arrivals,Instagram,6800,0,0,31,1,959.41,2.0,Low,3.6,Western Wear,Summer,52025,198047,0.3942847492055126
CUST_0236,18,Male,PhD,Married,51391,Winter Wear,Essentials Buyer,2,438.75,877.5,2024-12-14,8,FCMP041,Lookbook,Google Ads,8500,0,0,17,2,877.5,2.67,Low,12.33,Ethnic Wear,Winter,26918,139121,0.5845821008986098
CUST_0237,41,Male,High School,Married,30503,Western Wear,Seasonal Shopper,17,595.67,10126.39,2024-10-31,53,FCMP021,Lookbook,Influencer Marketing,8500,1,1,61,17,10126.39,3.67,Mid,100.0,Western Wear,Summer,35206,408215,0.2796826413040631
CUST_0238,35,Male,High School,Married,20113,Accessories,Seasonal Shopper,1,907.87,907.87,2024-12-06,3,FCMP025,Lookbook,Instagram,8500,0,0,25,1,907.87,2.33,Low,5.15,Ethnic Wear,Wedding Season,6734,163946,0.4475215460051547
CUST_0239,25,Male,High School,Divorced,28631,Western Wear,Luxury Seeker,7,1598.21,11187.47,2024-12-15,16,FCMP027,Lookbook,Email,8500,1,1,16,7,11187.47,4.0,Mid,53.1,Winter Wear,Festive,13680,52711,0.3053593615748523
CUST_0240,35,Female,Graduate,Married,56594,Western Wear,Trendsetter,1,978.7,978.7,2024-12-15,4,FCMP042,New Arrivals,Instagram,6800,0,0,16,1,978.7,2.33,Low,7.1,Winter Wear,Regular,25445,97505,0.5094334451140538
CUST_0241,40,Female,Graduate,Married,47677,Western Wear,Essentials Buyer,6,200.0,1200.0,2024-11-23,19,FCMP004,New Arrivals,Facebook Ads,6800,0,0,38,6,1200.0,3.0,Low,26.1,Western Wear,Summer,39698,385871,0.4079902044032516
CUST_0242,45,Female,Graduate,Married,55944,Western Wear,Essentials Buyer,7,679.52,4756.64,2024-12-29,27,FCMP010,New Arrivals,Facebook Ads,6800,0,0,2,7,4756.64,3.33,Low,46.0,Footwear,Festive,47107,485910,0.3909447397565234
CUST_0243,27,Female,Graduate,Divorced,46242,Accessories,Seasonal Shopper,1,991.76,991.76,2024-12-23,9,FCMP022,Flash Sale,Facebook Ads,5200,1,0,8,1,991.76,2.33,Low,45.33,Accessories,Summer,46106,341184,0.3285125209656627
CUST_0244,36,Female,Post Graduate,Married,80571,Footwear,Essentials Buyer,10,755.58,7555.8,2024-09-26,30,FCMP045,Flash Sale,Influencer Marketing,5200,0,0,96,10,7555.8,3.0,Low,40.31,Accessories,Wedding Season,51843,474351,0.2268313698632377
CUST_0245,47,Female,Graduate,Single,57741,Western Wear,Seasonal Shopper,1,996.23,996.23,2024-09-26,4,FCMP046,Flash Sale,Instagram,5200,0,0,96,1,996.23,1.33,Low,5.64,Accessories,Festive,36065,332252,0.3901301913549269
CUST_0246,22,Other,Post Graduate,Divorced,82456,Winter Wear,Luxury Seeker,1,1882.32,1882.32,2024-07-21,6,FCMP013,New Arrivals,Facebook Ads,6800,0,1,163,1,1882.32,1.0,Low,8.18,Winter Wear,Regular,56663,400002,0.4463495100494757
CUST_0247,35,Female,PhD,Single,86552,Western Wear,Essentials Buyer,3,584.76,1754.28,2024-12-29,3,FCMP028,Flash Sale,Influencer Marketing,5200,1,1,2,3,1754.28,2.67,Low,44.0,Accessories,Summer,24360,287683,0.595027924205977
CUST_0248,28,Female,Graduate,Single,41079,Footwear,Essentials Buyer,2,200.0,400.0,2024-07-18,1,FCMP010,Flash Sale,Facebook Ads,5200,0,0,166,2,400.0,1.33,Low,1.51,Footwear,Festive,47107,485910,0.3909447397565234
CUST_0249,31,Female,Graduate,Married,38127,Winter Wear,Trendsetter,4,200.0,800.0,2024-11-17,12,FCMP013,Flash Sale,Facebook Ads,5200,0,0,44,4,800.0,2.67,Low,16.67,Winter Wear,Regular,56663,400002,0.4463495100494757
CUST_0250,45,Other,Graduate,Single,38931,Footwear,Essentials Buyer,4,732.09,2928.36,2024-10-03,14,FCMP002,New Arrivals,Facebook Ads,6800,1,1,89,4,2928.36,2.33,Low,49.0,Ethnic Wear,Summer,5197,153121,0.6932533769212101
CUST_0251,32,Female,Graduate,Married,42148,Ethnic Wear,Seasonal Shopper,8,835.78,6686.24,2024-12-08,22,FCMP049,New Arrivals,Influencer Marketing,6800,0,0,23,8,6686.24,4.0,Low,30.58,Western Wear,Regular,21371,110272,0.5575867501743133
CUST_0252,32,Female,Post Graduate,Married,80732,Winter Wear,Essentials Buyer,2,200.0,400.0,2024-11-13,9,FCMP021,Flash Sale,Influencer Marketing,5200,1,0,48,2,400.0,2.33,Low,42.61,Western Wear,Summer,35206,408215,0.2796826413040631
CUST_0253,31,Male,Graduate,Divorced,54501,Footwear,Seasonal Shopper,4,1087.12,4348.48,2024-12-18,9,FCMP022,Flash Sale,Facebook Ads,5200,1,1,13,4,4348.48,3.0,Low,44.14,Accessories,Summer,46106,341184,0.3285125209656627
CUST_0254,35,Female,High School,Married,30360,Western Wear,Seasonal Shopper,3,1339.71,4019.13,2024-10-30,11,FCMP049,Lookbook,Influencer Marketing,8500,0,0,62,3,4019.13,2.0,Low,15.14,Western Wear,Regular,21371,110272,0.5575867501743133
CUST_0255,26,Female,Graduate,Single,48712,Ethnic Wear,Seasonal Shopper,2,806.59,1613.18,2024-10-23,6,FCMP039,Lookbook,Instagram,8500,0,0,69,2,1613.18,2.0,Low,8.43,Western Wear,Summer,52025,198047,0.3942847492055126
CUST_0256,31,Female,Graduate,Married,35167,Accessories,Essentials Buyer,3,200.0,600.0,2024-12-30,10,FCMP012,Lookbook,Email,8500,1,0,1,3,600.0,2.67,Low,58.33,Footwear,Summer,49357,289544,0.6105954724263182
CUST_0257,28,Male,Post Graduate,Single,88701,Footwear,Seasonal Shopper,8,1217.66,9741.28,2024-12-21,27,FCMP048,New Arrivals,Facebook Ads,6800,1,0,10,8,9741.28,4.0,Mid,68.73,Footwear,Summer,46976,114179,0.0205704556299331
CUST_0258,39,Female,High School,Single,35842,Footwear,Essentials Buyer,1,709.15,709.15,2024-10-11,3,FCMP043,Flash Sale,Google Ads,5200,0,0,81,1,709.15,1.67,Low,4.37,Accessories,Wedding Season,35306,22869,0.2788986654987028
CUST_0259,24,Female,Graduate,Married,43871,Winter Wear,Seasonal Shopper,2,521.79,1043.58,2024-11-21,4,FCMP027,Flash Sale,Email,5200,0,0,40,2,1043.58,2.33,Low,6.07,Winter Wear,Festive,13680,52711,0.3053593615748523
CUST_0260,23,Female,Graduate,Divorced,52737,Accessories,Essentials Buyer,4,200.0,800.0,2024-10-21,4,FCMP039,New Arrivals,Instagram,6800,1,0,71,4,800.0,2.33,Low,35.75,Western Wear,Summer,52025,198047,0.3942847492055126
CUST_0261,34,Female,PhD,Married,82410,Ethnic Wear,Trendsetter,1,1415.22,1415.22,2024-12-24,1,FCMP009,Flash Sale,Email,5200,1,0,7,1,1415.22,2.33,Low,35.08,Footwear,Summer,32848,212506,0.5342013999162889
CUST_0262,34,Male,Graduate,Single,50874,Western Wear,Trendsetter,12,715.36,8584.32,2024-10-02,41,FCMP018,Flash Sale,Facebook Ads,5200,0,0,90,12,8584.32,3.0,Mid,55.0,Footwear,Festive,52011,24499,0.2463998366949203
CUST_0263,24,Female,Graduate,Single,53198,Western Wear,Trendsetter,1,495.45,495.45,2024-10-13,1,FCMP039,Flash Sale,Instagram,5200,1,0,79,1,495.45,1.67,Low,31.71,Western Wear,Summer,52025,198047,0.3942847492055126
CUST_0264,34,Male,High School,Married,28651,Accessories,Trendsetter,1,811.5,811.5,2024-12-13,3,FCMP007,New Arrivals,Email,6800,1,0,18,1,811.5,2.33,Low,35.58,Footwear,Wedding Season,27671,137796,0.5487960916598252
CUST_0265,32,Male,Post Graduate,Married,77599,Ethnic Wear,Seasonal Shopper,1,1024.76,1024.76,2024-12-27,5,FCMP002,Lookbook,Facebook Ads,8500,1,1,4,1,1024.76,2.33,Low,42.67,Ethnic Wear,Summer,5197,153121,0.6932533769212101
CUST_0266,19,Male,Post Graduate,Married,70180,Footwear,Essentials Buyer,8,679.23,5433.84,2024-10-22,22,FCMP011,New Arrivals,Google Ads,6800,0,0,70,8,5433.84,3.33,Low,29.76,Ethnic Wear,Festive,25666,194088,0.3603659868250557
CUST_0267,25,Female,High School,Single,31816,Accessories,Essentials Buyer,3,451.7,1355.1,2024-12-18,3,FCMP023,New Arrivals,Google Ads,6800,0,0,13,3,1355.1,2.67,Low,6.14,Winter Wear,Winter,16411,294327,0.329960533603584
CUST_0268,27,Female,High School,Married,30117,Winter Wear,Trendsetter,3,963.35,2890.05,2024-12-20,8,FCMP017,New Arrivals,Google Ads,6800,1,0,11,3,2890.05,2.67,Low,43.17,Western Wear,Wedding Season,7811,86690,0.3603955804460079
CUST_0269,25,Female,Graduate,Single,52265,Western Wear,Luxury Seeker,5,925.0,4625.0,2024-12-02,15,FCMP014,Flash Sale,Influencer Marketing,5200,1,0,29,5,4625.0,3.0,Low,51.0,Footwear,Summer,20708,193714,0.6382908202702389
CUST_0270,47,Other,High School,Married,30515,Accessories,Essentials Buyer,1,632.46,632.46,2024-12-20,8,FCMP047,New Arrivals,Influencer Marketing,6800,1,0,11,1,632.46,2.33,Low,43.17,Accessories,Festive,30199,132296,0.304960150934867
CUST_0271,18,Female,Graduate,Single,56176,Ethnic Wear,Seasonal Shopper,5,384.48,1922.4,2024-12-09,15,FCMP005,New Arrivals,Facebook Ads,6800,1,0,22,5,1922.4,3.0,Low,51.3,Ethnic Wear,Festive,49542,395037,0.4103699687504942
CUST_0272,32,Male,Post Graduate,Single,47247,Accessories,Seasonal Shopper,2,200.0,400.0,2024-12-14,3,FCMP038,New Arrivals,Facebook Ads,6800,1,1,17,2,400.0,2.67,Low,35.67,Western Wear,Summer,44384,481713,0.5599023198009292
CUST_0273,27,Male,Graduate,Divorced,55927,Ethnic Wear,Trendsetter,12,713.76,8565.12,2024-10-27,34,FCMP004,Flash Sale,Facebook Ads,5200,1,0,65,12,8565.12,3.33,Mid,75.79,Western Wear,Summer,39698,385871,0.4079902044032516
CUST_0274,18,Female,Graduate,Single,46163,Western Wear,Seasonal Shopper,8,899.53,7196.24,2024-12-14,28,FCMP010,Lookbook,Facebook Ads,8500,0,0,17,8,7196.24,4.0,Low,39.0,Footwear,Festive,47107,485910,0.3909447397565234
CUST_0275,44,Female,Graduate,Divorced,41157,Accessories,Luxury Seeker,1,200.0,200.0,2024-12-15,1,FCMP007,Lookbook,Email,8500,1,0,16,1,200.0,2.33,Low,33.1,Footwear,Wedding Season,27671,137796,0.5487960916598252
CUST_0276,36,Male,Graduate,Single,29854,Ethnic Wear,Seasonal Shopper,3,584.07,1752.21,2024-11-09,12,FCMP007,Flash Sale,Email,5200,1,1,52,3,1752.21,2.33,Low,46.57,Footwear,Wedding Season,27671,137796,0.5487960916598252
CUST_0277,21,Female,Graduate,Single,47789,Western Wear,Luxury Seeker,2,670.29,1340.58,2024-12-17,2,FCMP043,Lookbook,Google Ads,8500,1,1,14,2,1340.58,2.67,Low,34.67,Accessories,Wedding Season,35306,22869,0.2788986654987028
CUST_0278,18,Male,High School,Married,34644,Accessories,Essentials Buyer,2,578.76,1157.52,2024-12-11,1,FCMP009,New Arrivals,Email,6800,1,1,20,2,1157.52,2.67,Low,32.76,Footwear,Summer,32848,212506,0.5342013999162889
CUST_0279,46,Female,High School,Married,30071,Accessories,Seasonal Shopper,8,200.0,1600.0,2024-12-20,26,FCMP043,Lookbook,Google Ads,8500,1,1,11,8,1600.0,3.67,Low,67.17,Accessories,Wedding Season,35306,22869,0.2788986654987028
CUST_0280,33,Male,Graduate,Single,40918,Footwear,Essentials Buyer,1,200.0,200.0,2024-12-13,1,FCMP032,New Arrivals,Google Ads,6800,1,1,18,1,200.0,2.33,Low,32.91,Winter Wear,Festive,40153,408207,0.5502117726264755
CUST_0281,37,Female,High School,Single,31600,Accessories,Seasonal Shopper,3,309.98,929.94,2024-10-13,8,FCMP048,Flash Sale,Facebook Ads,5200,0,0,79,3,929.94,2.0,Low,11.04,Footwear,Summer,46976,114179,0.0205704556299331
CUST_0282,20,Male,Post Graduate,Divorced,74079,Footwear,Trendsetter,1,1500.61,1500.61,2024-10-22,4,FCMP047,Lookbook,Influencer Marketing,8500,1,1,70,1,1500.61,1.67,Low,35.76,Accessories,Festive,30199,132296,0.304960150934867
CUST_0283,36,Male,High School,Single,38489,Western Wear,Trendsetter,20,957.61,19152.2,2024-10-02,67,FCMP047,New Arrivals,Influencer Marketing,6800,0,0,90,20,19152.2,3.67,Mid,89.66,Accessories,Festive,30199,132296,0.304960150934867
CUST_0284,51,Female,Post Graduate,Married,53844,Western Wear,Trendsetter,3,576.65,1729.95,2024-12-27,7,FCMP039,New Arrivals,Instagram,6800,1,0,4,3,1729.95,2.67,Low,45.33,Western Wear,Summer,52025,198047,0.3942847492055126
CUST_0285,23,Male,Post Graduate,Single,57079,Ethnic Wear,Trendsetter,1,709.19,709.19,2024-11-11,6,FCMP009,Lookbook,Email,8500,0,0,50,1,709.19,2.0,Low,8.59,Footwear,Summer,32848,212506,0.5342013999162889
CUST_0286,38,Male,Graduate,Married,44550,Winter Wear,Trendsetter,1,808.48,808.48,2024-10-07,1,FCMP025,New Arrivals,Instagram,6800,1,0,85,1,808.48,1.67,Low,31.68,Ethnic Wear,Wedding Season,6734,163946,0.4475215460051547
CUST_0287,18,Male,High School,Single,36535,Footwear,Trendsetter,2,600.3,1200.6,2024-12-06,4,FCMP009,Flash Sale,Email,5200,1,0,25,2,1200.6,2.67,Low,36.49,Footwear,Summer,32848,212506,0.5342013999162889
CUST_0288,46,Other,Graduate,Single,60804,Western Wear,Essentials Buyer,1,588.32,588.32,2024-12-24,4,FCMP003,Flash Sale,Email,5200,0,0,7,1,588.32,2.33,Low,9.08,Accessories,Summer,28509,182688,0.5087543712573461
CUST_0289,37,Female,Post Graduate,Married,68488,Western Wear,Essentials Buyer,4,829.93,3319.72,2024-12-28,8,FCMP028,Lookbook,Influencer Marketing,8500,0,0,3,4,3319.72,3.0,Low,18.17,Accessories,Summer,24360,287683,0.595027924205977
CUST_0290,42,Female,Graduate,Single,34910,Winter Wear,Luxury Seeker,3,200.0,600.0,2024-09-21,8,FCMP008,New Arrivals,Email,6800,0,0,101,3,600.0,1.67,Low,10.96,Accessories,Regular,30184,311999,0.4402188990449158
CUST_0291,20,Male,High School,Married,24180,Ethnic Wear,Luxury Seeker,4,200.0,800.0,2024-11-26,12,FCMP024,Flash Sale,Instagram,5200,0,0,35,4,800.0,2.67,Low,16.83,Footwear,Wedding Season,7911,442515,0.7300195297855031
CUST_0292,28,Male,High School,Single,15864,Footwear,Seasonal Shopper,4,682.12,2728.48,2024-12-14,13,FCMP034,New Arrivals,Instagram,6800,1,0,17,4,2728.48,3.0,Low,49.0,Winter Wear,Winter,42504,320504,0.6507146195191259
CUST_0293,46,Female,Graduate,Married,51368,Footwear,Seasonal Shopper,5,969.06,4845.3,2024-09-30,18,FCMP005,Flash Sale,Facebook Ads,5200,0,0,92,5,4845.3,2.0,Low,24.32,Ethnic Wear,Festive,49542,395037,0.4103699687504942
CUST_0294,42,Female,Graduate,Married,50915,Footwear,Essentials Buyer,1,345.03,345.03,2024-11-22,1,FCMP028,Lookbook,Influencer Marketing,8500,1,1,39,1,345.03,2.0,Low,32.08,Accessories,Summer,24360,287683,0.595027924205977
CUST_0295,42,Male,Graduate,Married,63455,Ethnic Wear,Luxury Seeker,3,1101.06,3303.18,2024-11-20,2,FCMP039,Lookbook,Instagram,8500,0,0,41,3,3303.18,2.33,Low,3.38,Western Wear,Summer,52025,198047,0.3942847492055126
CUST_0296,46,Female,Graduate,Married,49649,Winter Wear,Luxury Seeker,5,792.69,3963.45,2024-08-26,19,FCMP031,Lookbook,Email,8500,1,1,127,5,3963.45,1.67,Low,55.57,Footwear,Summer,28078,199426,0.5247961561741474
CUST_0297,38,Male,Graduate,Married,53184,Winter Wear,Luxury Seeker,5,757.39,3786.95,2024-11-26,9,FCMP050,Lookbook,Google Ads,8500,1,0,35,5,3786.95,2.67,Low,42.83,Accessories,Wedding Season,16835,58467,0.5625346409252701
CUST_0298,26,Other,Graduate,Married,43658,Footwear,Trendsetter,3,804.3,2412.9,2024-12-31,8,FCMP024,New Arrivals,Instagram,6800,1,1,0,3,2412.9,2.67,Low,70.67,Footwear,Wedding Season,7911,442515,0.7300195297855031
CUST_0299,33,Female,PhD,Single,89540,Accessories,Seasonal Shopper,3,631.59,1894.77,2024-11-11,6,FCMP026,Lookbook,Email,8500,0,0,50,3,1894.77,2.33,Low,8.59,Accessories,Winter,23227,398480,0.3004566295771733
CUST_0300,30,Male,High School,Single,25945,Winter Wear,Seasonal Shopper,4,632.49,2529.96,2024-12-24,18,FCMP024,Lookbook,Instagram,8500,1,1,7,4,2529.96,3.0,Low,57.75,Footwear,Wedding Season,7911,442515,0.7300195297855031
CUST_0301,25,Female,PhD,Married,84546,Accessories,Essentials Buyer,1,1517.31,1517.31,2024-10-13,1,FCMP039,Flash Sale,Instagram,5200,1,1,79,1,1517.31,1.67,Low,31.71,Western Wear,Summer,52025,198047,0.3942847492055126
CUST_0302,23,Female,Graduate,Married,31887,Ethnic Wear,Seasonal Shopper,4,419.08,1676.32,2024-12-02,13,FCMP003,Lookbook,Email,8500,0,0,29,4,1676.32,3.0,Low,18.33,Accessories,Summer,28509,182688,0.5087543712573461
CUST_0303,35,Female,Graduate,Married,33068,Footwear,Trendsetter,1,444.89,444.89,2024-10-30,1,FCMP007,Flash Sale,Email,5200,1,1,62,1,444.89,1.67,Low,31.81,Footwear,Wedding Season,27671,137796,0.5487960916598252
CUST_0304,34,Female,Graduate,Married,54787,Footwear,Trendsetter,11,200.0,2200.0,2024-12-31,26,FCMP003,New Arrivals,Email,6800,0,0,0,11,2200.0,3.67,Low,64.67,Accessories,Summer,28509,182688,0.5087543712573461
CUST_0305,37,Female,Graduate,Single,34661,Western Wear,Essentials Buyer,6,200.0,1200.0,2024-11-12,18,FCMP011,New Arrivals,Google Ads,6800,0,1,49,6,1200.0,3.0,Low,24.6,Ethnic Wear,Festive,25666,194088,0.3603659868250557
CUST_0306,24,Male,Graduate,Single,51589,Accessories,Seasonal Shopper,3,992.67,2978.01,2024-12-24,7,FCMP022,New Arrivals,Facebook Ads,6800,1,1,7,3,2978.01,2.67,Low,43.08,Accessories,Summer,46106,341184,0.3285125209656627
CUST_0307,41,Female,Graduate,Divorced,46433,Winter Wear,Luxury Seeker,7,200.0,1400.0,2024-12-13,26,FCMP035,Flash Sale,Email,5200,1,1,18,7,1400.0,3.33,Low,66.25,Footwear,Winter,6802,233090,0.4209594906234262
CUST_0308,39,Female,High School,Single,33626,Winter Wear,Essentials Buyer,12,200.0,2400.0,2024-11-25,31,FCMP028,Flash Sale,Influencer Marketing,5200,0,0,36,12,2400.0,3.33,Low,42.14,Accessories,Summer,24360,287683,0.595027924205977
CUST_0309,42,Male,Graduate,Married,39098,Western Wear,Seasonal Shopper,1,1034.34,1034.34,2024-12-14,5,FCMP020,Flash Sale,Google Ads,5200,1,1,17,1,1034.34,2.33,Low,38.33,Western Wear,Wedding Season,39754,403029,0.3750506318914162
CUST_0310,20,Male,Graduate,Single,49109,Ethnic Wear,Trendsetter,2,1238.36,2476.72,2024-05-25,3,FCMP044,Lookbook,Influencer Marketing,8500,0,0,220,2,2476.72,1.33,Low,4.14,Accessories,Winter,21646,277186,0.5137088684456091
CUST_0311,52,Female,Post Graduate,Married,62908,Winter Wear,Trendsetter,7,1356.69,9496.83,2024-12-11,17,FCMP047,New Arrivals,Influencer Marketing,6800,1,1,20,7,9496.83,3.67,Mid,54.1,Accessories,Festive,30199,132296,0.304960150934867
CUST_0312,34,Other,Graduate,Married,51352,Accessories,Seasonal Shopper,23,713.98,16421.54,2024-12-09,65,FCMP042,Flash Sale,Instagram,5200,1,0,22,23,16421.54,4.67,Mid,100.0,Winter Wear,Regular,25445,97505,0.5094334451140538
CUST_0313,22,Female,Graduate,Single,43507,Ethnic Wear,Essentials Buyer,3,200.0,600.0,2024-11-21,4,FCMP039,New Arrivals,Instagram,6800,1,0,40,3,600.0,2.33,Low,36.07,Western Wear,Summer,52025,198047,0.3942847492055126
CUST_0314,22,Male,High School,Married,24400,Winter Wear,Seasonal Shopper,7,200.0,1400.0,2024-11-08,22,FCMP004,Lookbook,Facebook Ads,8500,1,1,53,7,1400.0,3.0,Low,59.89,Western Wear,Summer,39698,385871,0.4079902044032516
CUST_0315,30,Female,Graduate,Divorced,36391,Winter Wear,Seasonal Shopper,3,200.0,600.0,2024-11-02,8,FCMP002,Lookbook,Facebook Ads,8500,1,1,59,3,600.0,2.33,Low,41.17,Ethnic Wear,Summer,5197,153121,0.6932533769212101
CUST_0316,25,Male,High School,Married,28569,Footwear,Seasonal Shopper,3,293.29,879.87,2024-12-30,9,FCMP050,Flash Sale,Google Ads,5200,0,0,1,3,879.87,2.67,Low,27.0,Accessories,Wedding Season,16835,58467,0.5625346409252701
CUST_0317,29,Female,Post Graduate,Divorced,80350,Footwear,Seasonal Shopper,1,1074.75,1074.75,2024-12-10,1,FCMP021,Lookbook,Influencer Marketing,8500,1,0,21,1,1074.75,2.33,Low,32.7,Western Wear,Summer,35206,408215,0.2796826413040631
CUST_0318,25,Female,High School,Single,29008,Western Wear,Essentials Buyer,4,200.0,800.0,2024-10-03,17,FCMP024,Lookbook,Instagram,8500,0,0,89,4,800.0,2.33,Low,23.0,Footwear,Wedding Season,7911,442515,0.7300195297855031
CUST_0319,52,Male,Post Graduate,Married,47690,Ethnic Wear,Trendsetter,6,584.96,3509.76,2024-11-16,16,FCMP024,New Arrivals,Instagram,6800,1,0,45,6,3509.76,3.0,Low,51.99,Footwear,Wedding Season,7911,442515,0.7300195297855031
CUST_0320,27,Male,Post Graduate,Married,60720,Western Wear,Seasonal Shopper,10,661.92,6619.2,2024-11-10,27,FCMP014,New Arrivals,Influencer Marketing,6800,0,0,51,10,6619.2,3.67,Low,36.58,Footwear,Summer,20708,193714,0.6382908202702389
CUST_0321,18,Male,Post Graduate,Single,48692,Accessories,Seasonal Shopper,1,1296.36,1296.36,2024-11-03,1,FCMP027,New Arrivals,Email,6800,1,0,58,1,1296.36,2.0,Low,31.84,Winter Wear,Festive,13680,52711,0.3053593615748523
CUST_0322,24,Female,Graduate,Single,51188,Ethnic Wear,Essentials Buyer,10,905.13,9051.3,2024-09-20,27,FCMP015,New Arrivals,Google Ads,6800,1,0,102,10,9051.3,3.0,Mid,66.29,Ethnic Wear,Festive,31370,35151,0.4781830871799218
CUST_0323,29,Female,Post Graduate,Single,70418,Western Wear,Seasonal Shopper,4,480.25,1921.0,2024-09-13,15,FCMP029,Flash Sale,Google Ads,5200,0,0,109,4,1921.0,2.0,Low,20.27,Winter Wear,Regular,23343,204423,0.352051664523207
CUST_0324,51,Female,Graduate,Single,45071,Western Wear,Trendsetter,1,697.37,697.37,2024-12-28,2,FCMP047,Flash Sale,Influencer Marketing,5200,1,0,3,1,697.37,2.33,Low,40.17,Accessories,Festive,30199,132296,0.304960150934867
CUST_0325,30,Female,Post Graduate,Single,68962,Footwear,Seasonal Shopper,1,1250.94,1250.94,2024-11-16,8,FCMP002,Lookbook,Facebook Ads,8500,1,0,45,1,1250.94,2.0,Low,41.32,Ethnic Wear,Summer,5197,153121,0.6932533769212101
CUST_0326,28,Female,High School,Married,33291,Winter Wear,Essentials Buyer,3,200.0,600.0,2024-12-02,11,FCMP001,Lookbook,Google Ads,8500,0,0,29,3,600.0,2.67,Low,15.67,Accessories,Summer,45545,393616,0.4191338416862005
CUST_0327,25,Female,Post Graduate,Divorced,36949,Western Wear,Seasonal Shopper,1,200.0,200.0,2024-12-14,6,FCMP031,New Arrivals,Email,6800,0,0,17,1,200.0,2.33,Low,9.67,Footwear,Summer,28078,199426,0.5247961561741474
CUST_0328,23,Female,PhD,Single,69647,Western Wear,Trendsetter,1,1256.12,1256.12,2024-12-11,3,FCMP035,Flash Sale,Email,5200,1,1,20,1,1256.12,2.33,Low,35.43,Footwear,Winter,6802,233090,0.4209594906234262
CUST_0329,32,Female,Graduate,Single,53487,Accessories,Trendsetter,1,1232.63,1232.63,2024-12-07,9,FCMP049,Lookbook,Influencer Marketing,8500,1,0,24,1,1232.63,2.33,Low,43.2,Western Wear,Regular,21371,110272,0.5575867501743133
CUST_0330,35,Female,High School,Single,32426,Western Wear,Luxury Seeker,5,364.55,1822.75,2024-10-08,19,FCMP025,Lookbook,Instagram,8500,0,0,84,5,1822.75,2.33,Low,25.69,Ethnic Wear,Wedding Season,6734,163946,0.4475215460051547
CUST_0331,28,Male,Graduate,Single,34080,Western Wear,Seasonal Shopper,2,588.62,1177.24,2024-11-02,8,FCMP044,Lookbook,Influencer Marketing,8500,0,0,59,2,1177.24,2.33,Low,11.17,Accessories,Winter,21646,277186,0.5137088684456091
CUST_0332,32,Female,Graduate,Single,36561,Western Wear,Essentials Buyer,1,764.38,764.38,2024-12-13,1,FCMP041,Lookbook,Google Ads,8500,0,0,18,1,764.38,2.33,Low,2.91,Ethnic Wear,Winter,26918,139121,0.5845821008986098
CUST_0333,38,Female,High School,Married,33650,Ethnic Wear,Luxury Seeker,3,826.15,2478.45,2024-05-27,2,FCMP034,Flash Sale,Instagram,5200,1,0,218,3,2478.45,1.33,Low,32.8,Winter Wear,Winter,42504,320504,0.6507146195191259
CUST_0334,37,Female,Graduate,Married,40521,Ethnic Wear,Luxury Seeker,13,921.49,11979.37,2024-12-22,34,FCMP039,Flash Sale,Instagram,5200,1,1,9,13,11979.37,4.33,Mid,78.33,Western Wear,Summer,52025,198047,0.3942847492055126
CUST_0335,40,Female,Post Graduate,Married,61474,Footwear,Seasonal Shopper,8,1171.37,9370.96,2024-05-17,20,FCMP025,Flash Sale,Instagram,5200,1,1,228,8,9370.96,2.67,Mid,56.8,Ethnic Wear,Wedding Season,6734,163946,0.4475215460051547
CUST_0336,34,Female,High School,Single,23538,Western Wear,Essentials Buyer,1,200.0,200.0,2024-11-01,1,FCMP042,New Arrivals,Instagram,6800,0,1,60,1,200.0,1.67,Low,1.83,Winter Wear,Regular,25445,97505,0.5094334451140538
CUST_0337,30,Female,Graduate,Single,46717,Winter Wear,Luxury Seeker,6,1863.7,11182.2,2024-11-07,12,FCMP018,Flash Sale,Facebook Ads,5200,1,0,54,6,11182.2,3.67,Mid,46.55,Footwear,Festive,52011,24499,0.2463998366949203
CUST_0338,39,Female,High School,Married,34554,Western Wear,Essentials Buyer,1,200.0,200.0,2024-07-27,1,FCMP015,Lookbook,Google Ads,8500,1,1,157,1,200.0,1.0,Low,31.52,Ethnic Wear,Festive,31370,35151,0.4781830871799218
CUST_0339,28,Female,PhD,Single,85974,Footwear,Seasonal Shopper,6,1502.34,9014.04,2024-12-05,23,FCMP037,Lookbook,Email,8500,0,0,26,6,9014.04,3.67,Mid,31.78,Accessories,Regular,13120,263548,0.4068232667186156
CUST_0340,20,Female,Graduate,Single,36025,Footwear,Seasonal Shopper,7,200.0,1400.0,2024-12-22,19,FCMP046,New Arrivals,Instagram,6800,0,0,9,7,1400.0,3.33,Low,28.33,Accessories,Festive,36065,332252,0.3901301913549269
CUST_0341,38,Female,Post Graduate,Married,94304,Ethnic Wear,Seasonal Shopper,3,1151.69,3455.07,2024-12-08,1,FCMP008,Lookbook,Email,8500,0,1,23,3,3455.07,2.67,Low,2.58,Accessories,Regular,30184,311999,0.4402188990449158
CUST_0342,28,Female,Graduate,Single,43774,Footwear,Trendsetter,4,768.8,3075.2,2024-12-20,6,FCMP035,Lookbook,Email,8500,1,1,11,4,3075.2,3.0,Low,40.5,Footwear,Winter,6802,233090,0.4209594906234262
CUST_0343,36,Male,High School,Divorced,26924,Ethnic Wear,Essentials Buyer,4,249.81,999.24,2024-11-27,15,FCMP042,Flash Sale,Instagram,5200,0,0,34,4,999.24,2.67,Low,20.86,Winter Wear,Regular,25445,97505,0.5094334451140538
CUST_0344,33,Female,High School,Single,27195,Winter Wear,Essentials Buyer,4,200.0,800.0,2024-12-20,5,FCMP044,New Arrivals,Influencer Marketing,6800,1,0,11,4,800.0,3.0,Low,39.17,Accessories,Winter,21646,277186,0.5137088684456091
CUST_0345,38,Female,Post Graduate,Single,48649,Ethnic Wear,Luxury Seeker,4,1327.96,5311.84,2024-12-13,14,FCMP047,New Arrivals,Influencer Marketing,6800,0,0,18,4,5311.84,3.33,Low,20.25,Accessories,Festive,30199,132296,0.304960150934867
CUST_0346,36,Other,Graduate,Married,55634,Western Wear,Essentials Buyer,3,937.96,2813.88,2024-12-03,1,FCMP026,Flash Sale,Email,5200,0,0,28,3,2813.88,2.67,Low,2.37,Accessories,Winter,23227,398480,0.3004566295771733
CUST_0347,19,Female,Graduate,Married,46770,Ethnic Wear,Seasonal Shopper,1,200.0,200.0,2024-11-19,5,FCMP003,Flash Sale,Email,5200,1,0,42,1,200.0,2.0,Low,37.36,Accessories,Summer,28509,182688,0.5087543712573461
CUST_0348,45,Female,Post Graduate,Married,76744,Winter Wear,Trendsetter,1,644.03,644.03,2024-12-09,1,FCMP025,Flash Sale,Instagram,5200,1,0,22,1,644.03,2.33,Low,32.64,Ethnic Wear,Wedding Season,6734,163946,0.4475215460051547
CUST_0349,39,Female,PhD,Married,93230,Footwear,Luxury Seeker,3,1482.34,4447.02,2024-12-26,8,FCMP016,New Arrivals,Influencer Marketing,6800,1,1,5,3,4447.02,2.67,Low,45.67,Winter Wear,Winter,54811,464623,0.7185211737973205
CUST_0350,51,Male,Graduate,Divorced,56315,Footwear,Essentials Buyer,8,293.47,2347.76,2024-12-23,18,FCMP027,New Arrivals,Email,6800,0,0,8,8,2347.76,3.67,Low,27.33,Winter Wear,Festive,13680,52711,0.3053593615748523
CUST_0351,33,Male,Post Graduate,Married,43537,Ethnic Wear,Luxury Seeker,5,1175.86,5879.3,2024-11-04,14,FCMP008,Flash Sale,Email,5200,0,0,57,5,5879.3,3.0,Low,19.18,Accessories,Regular,30184,311999,0.4402188990449158
CUST_0352,26,Male,Graduate,Married,47941,Accessories,Trendsetter,1,1161.11,1161.11,2024-09-20,7,FCMP013,Flash Sale,Facebook Ads,5200,0,0,102,1,1161.11,1.33,Low,9.62,Winter Wear,Regular,56663,400002,0.4463495100494757
CUST_0353,20,Female,Post Graduate,Married,69440,Ethnic Wear,Seasonal Shopper,4,847.1,3388.4,2024-12-22,3,FCMP011,Lookbook,Google Ads,8500,1,0,9,4,3388.4,3.0,Low,37.0,Ethnic Wear,Festive,25666,194088,0.3603659868250557
CUST_0354,38,Female,High School,Single,31110,Winter Wear,Luxury Seeker,3,1145.27,3435.81,2024-12-30,5,FCMP042,Flash Sale,Instagram,5200,1,0,1,3,3435.81,2.67,Low,51.67,Winter Wear,Regular,25445,97505,0.5094334451140538
CUST_0355,46,Male,Graduate,Single,47921,Ethnic Wear,Seasonal Shopper,4,477.56,1910.24,2024-12-06,5,FCMP039,Lookbook,Instagram,8500,1,0,25,4,1910.24,3.0,Low,37.82,Western Wear,Summer,52025,198047,0.3942847492055126
CUST_0356,38,Male,Graduate,Divorced,40663,Ethnic Wear,Trendsetter,1,1105.36,1105.36,2024-12-18,2,FCMP037,Lookbook,Email,8500,1,0,13,1,1105.36,2.33,Low,34.81,Accessories,Regular,13120,263548,0.4068232667186156
CUST_0357,43,Female,Graduate,Married,34548,Ethnic Wear,Seasonal Shopper,1,1012.53,1012.53,2024-12-16,6,FCMP024,New Arrivals,Instagram,6800,0,0,15,1,1012.53,2.33,Low,9.88,Footwear,Wedding Season,7911,442515,0.7300195297855031
CUST_0358,25,Male,High School,Married,25321,Footwear,Seasonal Shopper,10,644.21,6442.1,2024-12-19,38,FCMP031,Lookbook,Email,8500,1,0,12,10,6442.1,4.0,Low,82.97,Footwear,Summer,28078,199426,0.5247961561741474
CUST_0359,35,Male,Post Graduate,Married,67619,Footwear,Essentials Buyer,1,670.97,670.97,2024-11-23,3,FCMP022,New Arrivals,Facebook Ads,6800,0,0,38,1,670.97,2.0,Low,4.77,Accessories,Summer,46106,341184,0.3285125209656627
CUST_0360,34,Female,Post Graduate,Married,74831,Ethnic Wear,Seasonal Shopper,8,1628.0,13024.0,2024-12-08,22,FCMP027,New Arrivals,Email,6800,1,1,23,8,13024.0,4.33,Mid,60.58,Winter Wear,Festive,13680,52711,0.3053593615748523
CUST_0361,18,Female,Graduate,Single,43826,Accessories,Seasonal Shopper,2,941.08,1882.16,2024-12-21,5,FCMP014,New Arrivals,Influencer Marketing,6800,1,0,10,2,1882.16,2.67,Low,39.39,Footwear,Summer,20708,193714,0.6382908202702389
CUST_0362,28,Female,High School,Married,28250,Western Wear,Seasonal Shopper,1,200.0,200.0,2024-11-16,3,FCMP007,New Arrivals,Email,6800,1,0,45,1,200.0,2.0,Low,34.65,Footwear,Wedding Season,27671,137796,0.5487960916598252
CUST_0363,33,Female,Graduate,Divorced,48380,Footwear,Essentials Buyer,1,616.28,616.28,2024-04-06,3,FCMP003,New Arrivals,Email,6800,0,0,269,1,616.28,1.0,Low,4.11,Accessories,Summer,28509,182688,0.5087543712573461
CUST_0364,18,Male,Graduate,Divorced,38691,Western Wear,Trendsetter,2,200.0,400.0,2024-11-17,3,FCMP009,Lookbook,Email,8500,0,0,44,2,400.0,2.33,Low,4.67,Footwear,Summer,32848,212506,0.5342013999162889
CUST_0365,25,Female,Post Graduate,Single,52195,Western Wear,Trendsetter,2,984.46,1968.92,2024-12-20,5,FCMP048,Flash Sale,Facebook Ads,5200,1,1,11,2,1968.92,2.67,Low,39.17,Footwear,Summer,46976,114179,0.0205704556299331
CUST_0366,26,Female,Graduate,Divorced,43887,Footwear,Seasonal Shopper,5,1152.95,5764.75,2024-12-08,12,FCMP016,New Arrivals,Influencer Marketing,6800,1,0,23,5,5764.75,3.33,Low,47.25,Winter Wear,Winter,54811,464623,0.7185211737973205
CUST_0367,32,Male,Post Graduate,Single,81854,Ethnic Wear,Seasonal Shopper,10,1131.58,11315.8,2024-10-21,36,FCMP013,New Arrivals,Facebook Ads,6800,1,0,71,10,11315.8,3.67,Mid,78.42,Winter Wear,Regular,56663,400002,0.4463495100494757
CUST_0368,46,Male,Post Graduate,Divorced,63191,Ethnic Wear,Seasonal Shopper,1,200.0,200.0,2024-09-28,8,FCMP036,New Arrivals,Facebook Ads,6800,1,1,94,1,200.0,1.33,Low,40.98,Footwear,Wedding Season,13155,153272,0.2002272403232158
CUST_0369,27,Male,Graduate,Married,52543,Winter Wear,Luxury Seeker,2,1015.98,2031.96,2024-12-16,5,FCMP039,New Arrivals,Instagram,6800,1,1,15,2,2031.96,2.67,Low,38.54,Western Wear,Summer,52025,198047,0.3942847492055126
CUST_0370,36,Male,Graduate,Divorced,43583,Winter Wear,Seasonal Shopper,1,200.0,200.0,2024-12-12,1,FCMP046,New Arrivals,Instagram,6800,1,1,19,1,200.0,2.33,Low,32.83,Accessories,Festive,36065,332252,0.3901301913549269
CUST_0371,43,Other,High School,Single,31294,Western Wear,Trendsetter,3,200.0,600.0,2024-12-30,16,FCMP025,Flash Sale,Instagram,5200,1,0,1,3,600.0,2.67,Low,66.33,Ethnic Wear,Wedding Season,6734,163946,0.4475215460051547
CUST_0372,43,Female,Graduate,Single,25346,Western Wear,Luxury Seeker,7,819.01,5733.07,2024-12-29,20,FCMP025,Flash Sale,Instagram,5200,1,1,2,7,5733.07,3.67,Low,66.67,Ethnic Wear,Wedding Season,6734,163946,0.4475215460051547
CUST_0373,18,Male,Graduate,Married,49897,Footwear,Seasonal Shopper,7,200.0,1400.0,2024-11-03,12,FCMP046,Lookbook,Instagram,8500,0,0,58,7,1400.0,3.0,Low,16.51,Accessories,Festive,36065,332252,0.3901301913549269
CUST_0374,29,Female,PhD,Divorced,74058,Western Wear,Seasonal Shopper,2,1009.34,2018.68,2024-08-29,10,FCMP030,New Arrivals,Google Ads,6800,0,0,124,2,2018.68,1.33,Low,13.57,Winter Wear,Summer,10759,474483,0.2093750615108645
CUST_0375,49,Female,Post Graduate,Single,69089,Ethnic Wear,Seasonal Shopper,4,200.0,800.0,2024-12-23,15,FCMP046,Flash Sale,Instagram,5200,1,1,8,4,800.0,3.0,Low,53.33,Accessories,Festive,36065,332252,0.3901301913549269
CUST_0376,31,Female,High School,Single,27256,Ethnic Wear,Luxury Seeker,4,1103.38,4413.52,2024-12-23,9,FCMP044,Lookbook,Influencer Marketing,8500,0,1,8,4,4413.52,3.0,Low,15.33,Accessories,Winter,21646,277186,0.5137088684456091
CUST_0377,31,Male,Graduate,Married,43560,Accessories,Essentials Buyer,2,323.72,647.44,2024-12-18,1,FCMP010,New Arrivals,Facebook Ads,6800,1,1,13,2,647.44,2.67,Low,33.48,Footwear,Festive,47107,485910,0.3909447397565234
CUST_0378,40,Female,Post Graduate,Single,80250,Footwear,Luxury Seeker,5,1341.86,6709.3,2024-12-18,13,FCMP025,Lookbook,Instagram,8500,0,0,13,5,6709.3,3.33,Low,19.48,Ethnic Wear,Wedding Season,6734,163946,0.4475215460051547
CUST_0379,38,Other,PhD,Married,77693,Ethnic Wear,Trendsetter,1,982.03,982.03,2024-12-20,1,FCMP036,New Arrivals,Facebook Ads,6800,1,1,11,1,982.03,2.33,Low,33.83,Footwear,Wedding Season,13155,153272,0.2002272403232158
CUST_0380,31,Female,Graduate,Single,28847,Western Wear,Essentials Buyer,3,256.55,769.65,2024-11-15,15,FCMP047,Lookbook,Influencer Marketing,8500,1,0,46,3,769.65,2.33,Low,50.64,Accessories,Festive,30199,132296,0.304960150934867
CUST_0381,24,Female,Post Graduate,Single,67377,Western Wear,Luxury Seeker,2,2097.96,4195.92,2024-10-17,2,FCMP025,Lookbook,Instagram,8500,1,1,75,2,4195.92,2.0,Low,33.06,Ethnic Wear,Wedding Season,6734,163946,0.4475215460051547
CUST_0382,26,Male,Graduate,Married,35926,Accessories,Trendsetter,6,924.12,5544.72,2024-11-04,14,FCMP023,Lookbook,Google Ads,8500,1,1,57,6,5544.72,3.33,Low,49.18,Winter Wear,Winter,16411,294327,0.329960533603584
CUST_0383,26,Female,High School,Single,31689,Ethnic Wear,Seasonal Shopper,1,200.0,200.0,2024-12-20,4,FCMP012,Lookbook,Email,8500,0,1,11,1,200.0,2.33,Low,7.83,Footwear,Summer,49357,289544,0.6105954724263182
CUST_0384,42,Female,Post Graduate,Single,52402,Ethnic Wear,Seasonal Shopper,3,938.72,2816.16,2024-06-18,13,FCMP004,Lookbook,Facebook Ads,8500,1,0,196,3,2816.16,1.33,Low,47.49,Western Wear,Summer,39698,385871,0.4079902044032516
CUST_0385,18,Female,Graduate,Married,37513,Accessories,Seasonal Shopper,2,781.61,1563.22,2024-11-24,6,FCMP043,Flash Sale,Google Ads,5200,0,0,37,2,1563.22,2.33,Low,8.79,Accessories,Wedding Season,35306,22869,0.2788986654987028
CUST_0386,18,Male,Post Graduate,Single,59726,Ethnic Wear,Seasonal Shopper,2,205.18,410.36,2024-09-04,5,FCMP005,New Arrivals,Facebook Ads,6800,1,0,118,2,410.36,1.67,Low,36.92,Ethnic Wear,Festive,49542,395037,0.4103699687504942
CUST_0387,37,Female,Graduate,Married,42571,Footwear,Essentials Buyer,4,200.0,800.0,2024-11-28,20,FCMP044,New Arrivals,Influencer Marketing,6800,0,0,33,4,800.0,2.67,Low,27.55,Accessories,Winter,21646,277186,0.5137088684456091
CUST_0388,18,Female,Graduate,Married,44938,Western Wear,Essentials Buyer,1,355.06,355.06,2024-12-03,7,FCMP046,New Arrivals,Instagram,6800,0,0,28,1,355.06,2.33,Low,10.37,Accessories,Festive,36065,332252,0.3901301913549269
CUST_0389,38,Male,Graduate,Married,55575,Ethnic Wear,Seasonal Shopper,1,325.7,325.7,2024-08-25,1,FCMP029,Flash Sale,Google Ads,5200,0,0,128,1,325.7,1.0,Low,1.57,Winter Wear,Regular,23343,204423,0.352051664523207
CUST_0390,38,Female,Post Graduate,Single,66397,Western Wear,Seasonal Shopper,7,1379.94,9659.58,2024-03-22,25,FCMP004,New Arrivals,Facebook Ads,6800,0,0,284,7,9659.58,2.33,Mid,33.44,Western Wear,Summer,39698,385871,0.4079902044032516
CUST_0391,36,Other,Graduate,Single,53682,Accessories,Luxury Seeker,10,942.93,9429.3,2024-12-11,29,FCMP036,Flash Sale,Facebook Ads,5200,1,1,20,10,9429.3,4.0,Mid,70.1,Footwear,Wedding Season,13155,153272,0.2002272403232158
CUST_0392,30,Female,Post Graduate,Divorced,78333,Winter Wear,Seasonal Shopper,3,705.66,2116.98,2024-12-12,1,FCMP047,Lookbook,Influencer Marketing,8500,0,0,19,3,2116.98,2.67,Low,2.83,Accessories,Festive,30199,132296,0.304960150934867
CUST_0393,30,Female,Post Graduate,Single,59503,Accessories,Trendsetter,6,1368.35,8210.1,2024-11-01,17,FCMP045,Flash Sale,Influencer Marketing,5200,1,0,60,6,8210.1,3.0,Mid,53.16,Accessories,Wedding Season,51843,474351,0.2268313698632377
CUST_0394,28,Female,Graduate,Single,49051,Western Wear,Seasonal Shopper,4,1515.44,6061.76,2024-11-17,13,FCMP033,Lookbook,Google Ads,8500,0,0,44,4,6061.76,3.0,Low,18.0,Accessories,Summer,16111,153629,0.3646092614435514
CUST_0395,20,Female,High School,Single,29688,Footwear,Luxury Seeker,3,670.17,2010.51,2024-12-26,4,FCMP016,New Arrivals,Influencer Marketing,6800,0,0,5,3,2010.51,2.67,Low,10.33,Winter Wear,Winter,54811,464623,0.7185211737973205
CUST_0396,18,Female,High School,Married,31336,Ethnic Wear,Essentials Buyer,6,494.56,2967.36,2024-11-09,19,FCMP002,Lookbook,Facebook Ads,8500,1,1,52,6,2967.36,3.0,Low,55.9,Ethnic Wear,Summer,5197,153121,0.6932533769212101
CUST_0397,21,Female,High School,Married,30347,Western Wear,Seasonal Shopper,7,410.49,2873.43,2024-10-18,18,FCMP048,Flash Sale,Facebook Ads,5200,0,0,74,7,2873.43,2.67,Low,24.4,Footwear,Summer,46976,114179,0.0205704556299331
CUST_0398,19,Male,PhD,Single,97555,Winter Wear,Trendsetter,7,1241.63,8691.41,2024-11-18,23,FCMP040,Lookbook,Influencer Marketing,8500,0,0,43,7,8691.41,3.33,Mid,31.35,Winter Wear,Festive,52254,303501,0.4282224152130804
CUST_0399,32,Male,Post Graduate,Single,83979,Ethnic Wear,Seasonal Shopper,10,200.0,2000.0,2024-10-12,33,FCMP043,Flash Sale,Google Ads,5200,1,0,80,10,2000.0,3.0,Low,74.37,Accessories,Wedding Season,35306,22869,0.2788986654987028
CUST_0400,23,Female,Graduate,Single,34044,Ethnic Wear,Seasonal Shopper,9,563.19,5068.71,2024-12-20,21,FCMP017,Flash Sale,Google Ads,5200,0,0,11,9,5068.71,4.0,Low,30.5,Western Wear,Wedding Season,7811,86690,0.3603955804460079
CUST_0401,25,Female,Post Graduate,Single,64346,Ethnic Wear,Seasonal Shopper,3,622.74,1868.22,2024-12-04,5,FCMP034,Lookbook,Instagram,8500,1,1,27,3,1868.22,2.67,Low,37.74,Winter Wear,Winter,42504,320504,0.6507146195191259
CUST_0402,44,Male,Graduate,Married,34784,Ethnic Wear,Essentials Buyer,2,229.2,458.4,2024-09-23,3,FCMP038,New Arrivals,Facebook Ads,6800,1,0,99,2,458.4,1.67,Low,34.3,Western Wear,Summer,44384,481713,0.5599023198009292
CUST_0403,49,Female,Graduate,Single,42201,Ethnic Wear,Essentials Buyer,1,354.68,354.68,2024-12-10,3,FCMP003,Lookbook,Email,8500,1,0,21,1,354.68,2.33,Low,35.36,Accessories,Summer,28509,182688,0.5087543712573461
CUST_0404,35,Female,Graduate,Single,49732,Footwear,Seasonal Shopper,1,357.89,357.89,2024-12-14,1,FCMP038,Flash Sale,Facebook Ads,5200,1,1,17,1,357.89,2.33,Low,33.0,Western Wear,Summer,44384,481713,0.5599023198009292
CUST_0405,34,Female,Graduate,Married,42530,Western Wear,Luxury Seeker,1,958.18,958.18,2024-09-13,1,FCMP028,Flash Sale,Influencer Marketing,5200,1,0,109,1,958.18,1.33,Low,31.61,Accessories,Summer,24360,287683,0.595027924205977
CUST_0406,47,Male,Graduate,Single,38236,Winter Wear,Essentials Buyer,1,200.0,200.0,2024-12-27,1,FCMP004,Lookbook,Facebook Ads,8500,0,0,4,1,200.0,2.33,Low,7.33,Western Wear,Summer,39698,385871,0.4079902044032516
CUST_0407,21,Male,High School,Divorced,37175,Accessories,Trendsetter,1,1085.03,1085.03,2024-10-23,6,FCMP044,Flash Sale,Influencer Marketing,5200,1,0,69,1,1085.03,1.67,Low,38.43,Accessories,Winter,21646,277186,0.5137088684456091
CUST_0408,33,Male,Graduate,Married,45310,Western Wear,Trendsetter,2,763.98,1527.96,2024-12-03,6,FCMP034,Flash Sale,Instagram,5200,0,0,28,2,1527.96,2.67,Low,9.03,Winter Wear,Winter,42504,320504,0.6507146195191259
CUST_0409,23,Female,Post Graduate,Single,74784,Western Wear,Trendsetter,1,1028.56,1028.56,2024-12-21,4,FCMP036,New Arrivals,Facebook Ads,6800,1,0,10,1,1028.56,2.33,Low,38.06,Footwear,Wedding Season,13155,153272,0.2002272403232158
CUST_0410,40,Female,Graduate,Single,55067,Western Wear,Trendsetter,1,390.56,390.56,2024-11-29,12,FCMP042,Flash Sale,Instagram,5200,0,0,32,1,390.56,2.0,Low,16.91,Winter Wear,Regular,25445,97505,0.5094334451140538
CUST_0411,28,Male,PhD,Single,90775,Footwear,Seasonal Shopper,3,1032.5,3097.5,2024-11-21,6,FCMP040,New Arrivals,Influencer Marketing,6800,0,0,40,3,3097.5,2.33,Low,8.73,Winter Wear,Festive,52254,303501,0.4282224152130804
CUST_0412,18,Female,Graduate,Single,44520,Western Wear,Seasonal Shopper,3,806.41,2419.23,2024-10-20,9,FCMP004,Flash Sale,Facebook Ads,5200,1,0,72,3,2419.23,2.0,Low,42.41,Western Wear,Summer,39698,385871,0.4079902044032516
CUST_0413,25,Female,Graduate,Single,46652,Footwear,Seasonal Shopper,13,1390.06,18070.78,2024-11-26,41,FCMP005,New Arrivals,Facebook Ads,6800,0,0,35,13,18070.78,4.33,Mid,55.5,Ethnic Wear,Festive,49542,395037,0.4103699687504942
CUST_0414,20,Female,Graduate,Single,43612,Western Wear,Seasonal Shopper,11,214.34,2357.74,2024-11-29,39,FCMP031,New Arrivals,Email,6800,1,0,32,11,2357.74,3.33,Low,82.91,Footwear,Summer,28078,199426,0.5247961561741474
CUST_0415,44,Female,Graduate,Single,51989,Footwear,Essentials Buyer,2,746.83,1493.66,2024-11-11,8,FCMP009,New Arrivals,Email,6800,0,0,50,2,1493.66,2.33,Low,11.25,Footwear,Summer,32848,212506,0.5342013999162889
CUST_0416,31,Female,Graduate,Married,42166,Western Wear,Essentials Buyer,1,200.0,200.0,2024-12-08,1,FCMP028,Flash Sale,Influencer Marketing,5200,0,0,23,1,200.0,2.33,Low,2.58,Accessories,Summer,24360,287683,0.595027924205977
CUST_0417,22,Male,Graduate,Divorced,53629,Western Wear,Seasonal Shopper,16,1089.23,17427.68,2024-12-30,51,FCMP047,Lookbook,Influencer Marketing,8500,1,1,1,16,17427.68,4.67,Mid,100.0,Accessories,Festive,30199,132296,0.304960150934867
CUST_0418,37,Female,Graduate,Divorced,49681,Winter Wear,Seasonal Shopper,1,631.71,631.71,2024-11-09,1,FCMP044,Flash Sale,Influencer Marketing,5200,0,0,52,1,631.71,2.0,Low,1.9,Accessories,Winter,21646,277186,0.5137088684456091
CUST_0419,37,Female,Post Graduate,Single,58505,Accessories,Trendsetter,4,1065.22,4260.88,2024-12-17,11,FCMP043,Flash Sale,Google Ads,5200,1,0,14,4,4260.88,3.0,Low,46.67,Accessories,Wedding Season,35306,22869,0.2788986654987028
CUST_0420,38,Male,Post Graduate,Married,66308,Ethnic Wear,Luxury Seeker,10,1774.69,17746.9,2024-11-12,32,FCMP023,Lookbook,Google Ads,8500,1,0,49,10,17746.9,4.33,Mid,73.27,Winter Wear,Winter,16411,294327,0.329960533603584
CUST_0421,35,Female,High School,Divorced,23152,Winter Wear,Essentials Buyer,1,670.43,670.43,2024-11-22,5,FCMP029,New Arrivals,Google Ads,6800,1,0,39,1,670.43,2.0,Low,37.42,Winter Wear,Regular,23343,204423,0.352051664523207
CUST_0422,32,Female,Graduate,Married,48359,Footwear,Essentials Buyer,7,200.0,1400.0,2024-12-31,16,FCMP043,Lookbook,Google Ads,8500,1,1,0,7,1400.0,3.33,Low,81.33,Accessories,Wedding Season,35306,22869,0.2788986654987028
CUST_0423,27,Male,Graduate,Single,47389,Winter Wear,Essentials Buyer,1,200.0,200.0,2024-10-28,1,FCMP019,Flash Sale,Instagram,5200,1,0,64,1,200.0,1.67,Low,31.79,Ethnic Wear,Summer,11546,26295,0.1984464395324873
CUST_0424,30,Female,High School,Married,22812,Accessories,Trendsetter,3,614.1,1842.3,2024-11-27,9,FCMP008,Flash Sale,Email,5200,0,0,34,3,1842.3,2.33,Low,12.86,Accessories,Regular,30184,311999,0.4402188990449158
CUST_0425,42,Female,Post Graduate,Married,64604,Western Wear,Luxury Seeker,6,1649.41,9896.46,2024-11-25,27,FCMP024,Flash Sale,Instagram,5200,1,0,36,6,9896.46,3.33,Mid,66.81,Footwear,Wedding Season,7911,442515,0.7300195297855031
CUST_0426,30,Female,Graduate,Single,34761,Ethnic Wear,Seasonal Shopper,4,200.0,800.0,2024-08-02,3,FCMP012,Lookbook,Email,8500,1,0,151,4,800.0,1.67,Low,34.2,Footwear,Summer,49357,289544,0.6105954724263182
CUST_0427,29,Male,Post Graduate,Single,67127,Western Wear,Essentials Buyer,2,200.0,400.0,2024-11-01,7,FCMP028,New Arrivals,Influencer Marketing,6800,0,0,60,2,400.0,2.0,Low,9.83,Accessories,Summer,24360,287683,0.595027924205977
CUST_0428,36,Female,Graduate,Single,41334,Footwear,Trendsetter,1,306.54,306.54,2024-12-22,2,FCMP048,Lookbook,Facebook Ads,8500,1,0,9,1,306.54,2.33,Low,35.67,Footwear,Summer,46976,114179,0.0205704556299331
CUST_0429,31,Female,Graduate,Single,52003,Footwear,Essentials Buyer,1,394.64,394.64,2024-12-15,8,FCMP047,New Arrivals,Influencer Marketing,6800,1,1,16,1,394.64,2.33,Low,42.43,Accessories,Festive,30199,132296,0.304960150934867
CUST_0430,24,Female,High School,Single,28381,Western Wear,Essentials Buyer,1,248.87,248.87,2024-12-03,7,FCMP025,Flash Sale,Instagram,5200,1,0,28,1,248.87,2.33,Low,40.37,Ethnic Wear,Wedding Season,6734,163946,0.4475215460051547
CUST_0431,32,Female,Graduate,Married,34644,Ethnic Wear,Trendsetter,5,758.9,3794.5,2024-11-30,11,FCMP024,New Arrivals,Instagram,6800,1,0,31,5,3794.5,2.67,Low,45.6,Footwear,Wedding Season,7911,442515,0.7300195297855031
CUST_0432,33,Female,High School,Single,27286,Accessories,Essentials Buyer,9,200.0,1800.0,2024-12-21,24,FCMP017,New Arrivals,Google Ads,6800,1,1,10,9,1800.0,3.67,Low,64.73,Western Wear,Wedding Season,7811,86690,0.3603955804460079
CUST_0433,27,Male,Post Graduate,Married,66765,Winter Wear,Trendsetter,9,303.53,2731.77,2024-11-04,30,FCMP026,Lookbook,Email,8500,1,1,57,9,2731.77,3.33,Low,70.52,Accessories,Winter,23227,398480,0.3004566295771733
CUST_0434,25,Other,High School,Single,32877,Footwear,Trendsetter,1,200.0,200.0,2024-09-08,4,FCMP024,Lookbook,Instagram,8500,0,0,114,1,200.0,1.33,Low,5.59,Footwear,Wedding Season,7911,442515,0.7300195297855031
CUST_0435,32,Male,Graduate,Married,52870,Ethnic Wear,Seasonal Shopper,2,343.22,686.44,2024-12-01,5,FCMP042,Lookbook,Instagram,8500,0,0,30,2,686.44,2.33,Low,7.63,Winter Wear,Regular,25445,97505,0.5094334451140538
CUST_0436,29,Female,Graduate,Married,40875,Western Wear,Trendsetter,7,277.05,1939.35,2024-12-11,23,FCMP011,New Arrivals,Google Ads,6800,1,1,20,7,1939.35,3.33,Low,62.1,Ethnic Wear,Festive,25666,194088,0.3603659868250557
CUST_0437,27,Other,Graduate,Divorced,55734,Ethnic Wear,Seasonal Shopper,2,200.0,400.0,2024-12-09,1,FCMP039,New Arrivals,Instagram,6800,0,0,22,2,400.0,2.67,Low,2.64,Western Wear,Summer,52025,198047,0.3942847492055126
CUST_0438,39,Female,Graduate,Single,51560,Winter Wear,Trendsetter,1,1186.71,1186.71,2024-12-16,3,FCMP010,New Arrivals,Facebook Ads,6800,1,1,15,1,1186.71,2.33,Low,35.88,Footwear,Festive,47107,485910,0.3909447397565234
CUST_0439,45,Female,Post Graduate,Single,78131,Ethnic Wear,Seasonal Shopper,3,776.86,2330.58,2024-09-18,3,FCMP020,Flash Sale,Google Ads,5200,0,0,104,3,2330.58,1.67,Low,4.29,Western Wear,Wedding Season,39754,403029,0.3750506318914162
CUST_0440,33,Female,Post Graduate,Married,70157,Footwear,Seasonal Shopper,5,461.79,2308.95,2024-10-09,9,FCMP034,New Arrivals,Instagram,6800,0,0,83,5,2308.95,2.33,Low,12.36,Winter Wear,Winter,42504,320504,0.6507146195191259
CUST_0441,23,Female,Graduate,Divorced,50425,Western Wear,Seasonal Shopper,1,969.36,969.36,2024-08-03,1,FCMP025,New Arrivals,Instagram,6800,1,0,150,1,969.36,1.0,Low,31.53,Ethnic Wear,Wedding Season,6734,163946,0.4475215460051547
CUST_0442,26,Female,Post Graduate,Single,62242,Footwear,Essentials Buyer,1,200.0,200.0,2024-11-24,4,FCMP038,Lookbook,Facebook Ads,8500,1,0,37,1,200.0,2.0,Low,36.12,Western Wear,Summer,44384,481713,0.5599023198009292
CUST_0443,27,Female,Graduate,Married,54240,Footwear,Seasonal Shopper,11,811.73,8929.03,2024-11-15,39,FCMP021,Flash Sale,Influencer Marketing,5200,0,0,46,11,8929.03,3.67,Mid,52.64,Western Wear,Summer,35206,408215,0.2796826413040631
CUST_0444,30,Female,Graduate,Married,38784,Accessories,Seasonal Shopper,3,543.93,1631.79,2024-11-30,16,FCMP028,Flash Sale,Influencer Marketing,5200,1,1,31,3,1631.79,2.33,Low,52.27,Accessories,Summer,24360,287683,0.595027924205977
CUST_0445,35,Female,Post Graduate,Single,67678,Ethnic Wear,Essentials Buyer,7,200.0,1400.0,2024-12-17,20,FCMP022,New Arrivals,Facebook Ads,6800,1,1,14,7,1400.0,3.33,Low,58.67,Accessories,Summer,46106,341184,0.3285125209656627
CUST_0446,35,Other,Graduate,Married,40718,Ethnic Wear,Seasonal Shopper,12,250.08,3000.96,2024-12-03,36,FCMP038,Lookbook,Facebook Ads,8500,1,0,28,12,3000.96,3.67,Low,79.03,Western Wear,Summer,44384,481713,0.5599023198009292
CUST_0447,36,Male,Graduate,Single,54611,Ethnic Wear,Essentials Buyer,2,685.6,1371.2,2024-07-30,8,FCMP048,New Arrivals,Facebook Ads,6800,1,1,154,2,1371.2,1.33,Low,40.86,Footwear,Summer,46976,114179,0.0205704556299331
CUST_0448,39,Female,Post Graduate,Married,68442,Winter Wear,Essentials Buyer,2,200.0,400.0,2024-12-07,6,FCMP011,New Arrivals,Google Ads,6800,0,0,24,2,400.0,2.67,Low,9.2,Ethnic Wear,Festive,25666,194088,0.3603659868250557
CUST_0449,42,Female,Graduate,Divorced,46647,Winter Wear,Essentials Buyer,9,472.52,4252.68,2024-12-29,25,FCMP021,New Arrivals,Influencer Marketing,6800,1,1,2,9,4252.68,3.67,Low,73.33,Western Wear,Summer,35206,408215,0.2796826413040631
CUST_0450,41,Female,Graduate,Single,38172,Footwear,Trendsetter,2,703.09,1406.18,2024-11-02,7,FCMP042,New Arrivals,Instagram,6800,0,0,59,2,1406.18,2.33,Low,9.83,Winter Wear,Regular,25445,97505,0.5094334451140538
CUST_0451,21,Female,PhD,Married,78757,Footwear,Seasonal Shopper,6,1468.05,8808.3,2024-11-24,18,FCMP017,Lookbook,Google Ads,8500,1,0,37,6,8808.3,3.33,Mid,54.79,Western Wear,Wedding Season,7811,86690,0.3603955804460079
CUST_0452,41,Female,Graduate,Married,53124,Footwear,Seasonal Shopper,4,566.94,2267.76,2024-12-29,14,FCMP003,Flash Sale,Email,5200,0,1,2,4,2267.76,3.0,Low,28.67,Accessories,Summer,28509,182688,0.5087543712573461
CUST_0453,31,Male,Graduate,Single,40776,Ethnic Wear,Seasonal Shopper,1,200.0,200.0,2024-11-09,1,FCMP049,Lookbook,Influencer Marketing,8500,0,0,52,1,200.0,2.0,Low,1.9,Western Wear,Regular,21371,110272,0.5575867501743133
CUST_0454,28,Female,Graduate,Divorced,52857,Winter Wear,Seasonal Shopper,7,1391.99,9743.93,2024-10-29,23,FCMP018,Lookbook,Facebook Ads,8500,1,0,63,7,9743.93,3.0,Mid,61.14,Footwear,Festive,52011,24499,0.2463998366949203
CUST_0455,27,Male,Graduate,Single,65568,Western Wear,Trendsetter,2,1525.57,3051.14,2024-12-23,5,FCMP025,Lookbook,Instagram,8500,1,1,8,2,3051.14,2.67,Low,40.0,Ethnic Wear,Wedding Season,6734,163946,0.4475215460051547
CUST_0456,29,Female,High School,Single,23276,Western Wear,Luxury Seeker,4,538.89,2155.56,2024-12-16,10,FCMP008,Lookbook,Email,8500,1,1,15,4,2155.56,3.0,Low,45.21,Accessories,Regular,30184,311999,0.4402188990449158
CUST_0457,35,Female,High School,Single,26603,Footwear,Trendsetter,8,237.14,1897.12,2024-12-21,21,FCMP039,Flash Sale,Instagram,5200,0,0,10,8,1897.12,3.67,Low,30.73,Western Wear,Summer,52025,198047,0.3942847492055126
CUST_0458,40,Female,High School,Single,32554,Ethnic Wear,Seasonal Shopper,10,301.87,3018.7,2024-11-12,29,FCMP027,Lookbook,Email,8500,1,0,49,10,3018.7,3.33,Low,69.27,Winter Wear,Festive,13680,52711,0.3053593615748523
CUST_0459,32,Female,Graduate,Married,48697,Ethnic Wear,Trendsetter,4,292.61,1170.44,2024-12-05,12,FCMP034,Lookbook,Instagram,8500,1,1,26,4,1170.44,3.0,Low,47.11,Winter Wear,Winter,42504,320504,0.6507146195191259
CUST_0460,35,Male,High School,Single,19177,Accessories,Trendsetter,2,423.12,846.24,2024-12-24,1,FCMP034,Flash Sale,Instagram,5200,1,0,7,2,846.24,2.67,Low,35.08,Winter Wear,Winter,42504,320504,0.6507146195191259
CUST_0461,45,Female,High School,Single,17944,Ethnic Wear,Essentials Buyer,15,395.91,5938.65,2024-11-30,44,FCMP046,New Arrivals,Instagram,6800,0,0,31,15,5938.65,3.67,Low,59.6,Accessories,Festive,36065,332252,0.3901301913549269
CUST_0462,23,Male,Graduate,Single,59022,Footwear,Trendsetter,2,1140.47,2280.94,2024-11-18,2,FCMP008,Lookbook,Email,8500,0,0,43,2,2280.94,2.33,Low,3.35,Accessories,Regular,30184,311999,0.4402188990449158
CUST_0463,34,Male,Graduate,Married,43740,Western Wear,Luxury Seeker,1,200.0,200.0,2024-12-18,11,FCMP033,Flash Sale,Google Ads,5200,0,0,13,1,200.0,2.33,Low,16.81,Accessories,Summer,16111,153629,0.3646092614435514
CUST_0464,33,Male,High School,Married,24105,Western Wear,Essentials Buyer,1,200.0,200.0,2024-11-03,1,FCMP007,Flash Sale,Email,5200,0,0,58,1,200.0,2.0,Low,1.84,Footwear,Wedding Season,27671,137796,0.5487960916598252
CUST_0465,28,Female,Post Graduate,Married,69865,Western Wear,Essentials Buyer,3,584.54,1753.62,2024-09-03,14,FCMP036,Lookbook,Facebook Ads,8500,0,0,119,3,1753.62,1.67,Low,18.92,Footwear,Wedding Season,13155,153272,0.2002272403232158
CUST_0466,24,Female,Graduate,Married,46359,Western Wear,Essentials Buyer,5,331.63,1658.15,2024-12-18,11,FCMP049,Flash Sale,Influencer Marketing,5200,1,0,13,5,1658.15,3.0,Low,46.81,Western Wear,Regular,21371,110272,0.5575867501743133
CUST_0467,29,Female,Graduate,Married,33964,Accessories,Seasonal Shopper,2,200.0,400.0,2024-12-16,4,FCMP014,Flash Sale,Influencer Marketing,5200,1,0,15,2,400.0,2.67,Low,37.21,Footwear,Summer,20708,193714,0.6382908202702389
CUST_0468,26,Female,High School,Divorced,32951,Western Wear,Trendsetter,1,950.88,950.88,2024-12-19,1,FCMP022,New Arrivals,Facebook Ads,6800,1,0,12,1,950.88,2.33,Low,33.64,Accessories,Summer,46106,341184,0.3285125209656627
CUST_0469,37,Female,Post Graduate,Single,60726,Footwear,Essentials Buyer,1,200.0,200.0,2024-11-26,1,FCMP019,Flash Sale,Instagram,5200,0,0,35,1,200.0,2.0,Low,2.17,Ethnic Wear,Summer,11546,26295,0.1984464395324873
CUST_0470,34,Female,Post Graduate,Married,80880,Footwear,Essentials Buyer,2,1211.83,2423.66,2024-12-10,7,FCMP022,Lookbook,Facebook Ads,8500,1,0,21,2,2423.66,2.67,Low,40.7,Accessories,Summer,46106,341184,0.3285125209656627
CUST_0471,23,Female,Graduate,Single,38369,Footwear,Trendsetter,5,712.18,3560.9,2024-12-07,16,FCMP046,New Arrivals,Instagram,6800,0,0,24,5,3560.9,3.0,Low,22.53,Accessories,Festive,36065,332252,0.3901301913549269
CUST_0472,40,Female,Post Graduate,Married,67574,Winter Wear,Seasonal Shopper,1,467.12,467.12,2024-08-07,1,FCMP018,Flash Sale,Facebook Ads,5200,0,1,146,1,467.12,1.0,Low,1.54,Footwear,Festive,52011,24499,0.2463998366949203
CUST_0473,21,Male,Post Graduate,Married,61782,Accessories,Trendsetter,2,1033.87,2067.74,2024-10-03,2,FCMP034,Lookbook,Instagram,8500,0,0,89,2,2067.74,2.0,Low,3.0,Winter Wear,Winter,42504,320504,0.6507146195191259
CUST_0474,26,Female,Graduate,Married,47742,Ethnic Wear,Seasonal Shopper,8,200.0,1600.0,2024-12-24,20,FCMP036,Flash Sale,Facebook Ads,5200,1,0,7,8,1600.0,3.67,Low,60.42,Footwear,Wedding Season,13155,153272,0.2002272403232158
CUST_0475,40,Female,Graduate,Single,67091,Ethnic Wear,Trendsetter,9,625.09,5625.81,2024-12-06,28,FCMP009,Flash Sale,Email,5200,1,1,25,9,5625.81,4.0,Low,68.49,Footwear,Summer,32848,212506,0.5342013999162889
CUST_0476,30,Other,Graduate,Married,41055,Western Wear,Seasonal Shopper,3,521.02,1563.06,2024-12-08,13,FCMP036,Flash Sale,Facebook Ads,5200,1,1,23,3,1563.06,2.67,Low,48.58,Footwear,Wedding Season,13155,153272,0.2002272403232158
CUST_0477,18,Female,PhD,Single,77943,Footwear,Trendsetter,1,1959.08,1959.08,2024-12-11,7,FCMP046,Lookbook,Instagram,8500,1,0,20,1,1959.08,2.33,Low,40.76,Accessories,Festive,36065,332252,0.3901301913549269
CUST_0478,18,Female,Graduate,Married,38400,Ethnic Wear,Trendsetter,5,614.78,3073.9,2024-12-29,20,FCMP026,Flash Sale,Email,5200,0,0,2,5,3073.9,3.0,Low,36.67,Accessories,Winter,23227,398480,0.3004566295771733
CUST_0479,38,Female,Graduate,Single,51653,Footwear,Trendsetter,14,1110.65,15549.1,2024-12-09,40,FCMP036,Flash Sale,Facebook Ads,5200,0,0,22,14,15549.1,4.67,Mid,54.64,Footwear,Wedding Season,13155,153272,0.2002272403232158
CUST_0480,22,Female,PhD,Divorced,87565,Footwear,Essentials Buyer,6,200.0,1200.0,2024-10-11,18,FCMP031,New Arrivals,Email,6800,0,0,81,6,1200.0,2.67,Low,24.37,Footwear,Summer,28078,199426,0.5247961561741474
CUST_0481,32,Male,High School,Single,28752,Western Wear,Essentials Buyer,20,200.0,4000.0,2024-12-20,65,FCMP035,Lookbook,Email,8500,0,1,11,20,4000.0,3.67,Low,89.17,Footwear,Winter,6802,233090,0.4209594906234262
CUST_0482,24,Female,High School,Married,20067,Accessories,Seasonal Shopper,3,200.0,600.0,2024-12-14,13,FCMP017,New Arrivals,Google Ads,6800,1,1,17,3,600.0,2.67,Low,49.0,Western Wear,Wedding Season,7811,86690,0.3603955804460079
CUST_0483,25,Male,Post Graduate,Single,75251,Ethnic Wear,Seasonal Shopper,12,420.81,5049.72,2024-11-29,34,FCMP035,Lookbook,Email,8500,1,0,32,12,5049.72,3.67,Low,76.24,Footwear,Winter,6802,233090,0.4209594906234262
CUST_0484,31,Female,High School,Single,36219,Ethnic Wear,Seasonal Shopper,3,200.0,600.0,2024-12-30,6,FCMP035,New Arrivals,Email,6800,0,0,1,3,600.0,2.67,Low,23.0,Footwear,Winter,6802,233090,0.4209594906234262
CUST_0485,39,Female,Graduate,Divorced,39821,Accessories,Luxury Seeker,1,581.09,581.09,2024-12-23,1,FCMP003,New Arrivals,Email,6800,1,1,8,1,581.09,2.33,Low,34.67,Accessories,Summer,28509,182688,0.5087543712573461
CUST_0486,30,Female,Post Graduate,Divorced,67299,Footwear,Trendsetter,3,1585.08,4755.24,2024-11-16,13,FCMP022,Flash Sale,Facebook Ads,5200,0,0,45,3,4755.24,2.33,Low,17.99,Accessories,Summer,46106,341184,0.3285125209656627
CUST_0487,31,Male,High School,Married,24746,Accessories,Seasonal Shopper,2,384.67,769.34,2024-11-11,6,FCMP019,New Arrivals,Instagram,6800,0,0,50,2,769.34,2.33,Low,8.59,Ethnic Wear,Summer,11546,26295,0.1984464395324873
CUST_0488,35,Male,High School,Married,26523,Western Wear,Seasonal Shopper,1,200.0,200.0,2024-11-26,7,FCMP044,Lookbook,Influencer Marketing,8500,1,0,35,1,200.0,2.0,Low,40.17,Accessories,Winter,21646,277186,0.5137088684456091
CUST_0489,47,Female,Post Graduate,Divorced,56680,Western Wear,Trendsetter,4,1276.37,5105.48,2024-12-16,13,FCMP022,Lookbook,Facebook Ads,8500,0,0,15,4,5105.48,3.33,Low,19.21,Accessories,Summer,46106,341184,0.3285125209656627
CUST_0490,38,Female,Post Graduate,Married,65724,Accessories,Seasonal Shopper,3,618.98,1856.94,2024-09-04,8,FCMP010,Flash Sale,Facebook Ads,5200,1,0,118,3,1856.94,1.67,Low,40.92,Footwear,Festive,47107,485910,0.3909447397565234
CUST_0491,27,Female,Post Graduate,Single,72789,Accessories,Essentials Buyer,2,769.73,1539.46,2024-12-31,1,FCMP008,Flash Sale,Email,5200,1,1,0,2,1539.46,2.67,Low,61.33,Accessories,Regular,30184,311999,0.4402188990449158
CUST_0492,24,Female,Graduate,Divorced,40045,Accessories,Luxury Seeker,1,770.5,770.5,2024-11-01,4,FCMP026,Flash Sale,Email,5200,0,0,60,1,770.5,1.67,Low,5.83,Accessories,Winter,23227,398480,0.3004566295771733
CUST_0493,26,Female,PhD,Single,81876,Western Wear,Trendsetter,7,1580.54,11063.78,2024-12-04,15,FCMP006,New Arrivals,Influencer Marketing,6800,1,1,27,7,11063.78,4.0,Mid,51.07,Winter Wear,Summer,20087,303076,0.6793064591208474
CUST_0494,50,Female,Post Graduate,Single,70487,Footwear,Trendsetter,11,1680.1,18481.1,2024-12-31,30,FCMP019,Lookbook,Instagram,8500,1,1,0,11,18481.1,4.67,Mid,100.0,Ethnic Wear,Summer,11546,26295,0.1984464395324873
CUST_0495,29,Female,Graduate,Married,29693,Western Wear,Seasonal Shopper,4,200.0,800.0,2024-12-31,2,FCMP009,New Arrivals,Email,6800,0,0,0,4,800.0,3.0,Low,32.67,Footwear,Summer,32848,212506,0.5342013999162889
CUST_0496,28,Male,Graduate,Single,45752,Ethnic Wear,Seasonal Shopper,1,751.8,751.8,2024-12-29,1,FCMP016,New Arrivals,Influencer Marketing,6800,0,0,2,1,751.8,2.33,Low,11.33,Winter Wear,Winter,54811,464623,0.7185211737973205
CUST_0497,42,Female,Graduate,Married,39135,Winter Wear,Trendsetter,4,200.0,800.0,2024-12-30,12,FCMP008,New Arrivals,Email,6800,1,0,1,4,800.0,3.0,Low,61.0,Accessories,Regular,30184,311999,0.4402188990449158
CUST_0498,28,Female,Graduate,Married,37835,Ethnic Wear,Essentials Buyer,2,200.0,400.0,2024-12-02,2,FCMP024,Lookbook,Instagram,8500,1,0,29,2,400.0,2.67,Low,33.67,Footwear,Wedding Season,7911,442515,0.7300195297855031
CUST_0499,35,Female,Graduate,Single,46786,Winter Wear,Essentials Buyer,2,200.0,400.0,2024-10-26,7,FCMP002,Flash Sale,Facebook Ads,5200,0,0,66,2,400.0,2.0,Low,9.78,Ethnic Wear,Summer,5197,153121,0.6932533769212101
CUST_0500,30,Female,Graduate,Divorced,42359,Western Wear,Seasonal Shopper,5,437.41,2187.05,2024-11-01,9,FCMP018,Lookbook,Facebook Ads,8500,1,0,60,5,2187.05,2.33,Low,42.49,Footwear,Festive,52011,24499,0.2463998366949203
